-- --------------------------------------------------------
-- Hoszt:                        127.0.0.1
-- Szerver verzió:               10.4.32-MariaDB - mariadb.org binary distribution
-- Szerver OS:                   Win64
-- HeidiSQL Verzió:              12.8.0.6908
-- --------------------------------------------------------

/*!40101 SET @OLD_CHARACTER_SET_CLIENT=@@CHARACTER_SET_CLIENT */;
/*!40101 SET NAMES utf8 */;
/*!50503 SET NAMES utf8mb4 */;
/*!40103 SET @OLD_TIME_ZONE=@@TIME_ZONE */;
/*!40103 SET TIME_ZONE='+00:00' */;
/*!40014 SET @OLD_FOREIGN_KEY_CHECKS=@@FOREIGN_KEY_CHECKS, FOREIGN_KEY_CHECKS=0 */;
/*!40101 SET @OLD_SQL_MODE=@@SQL_MODE, SQL_MODE='NO_AUTO_VALUE_ON_ZERO' */;
/*!40111 SET @OLD_SQL_NOTES=@@SQL_NOTES, SQL_NOTES=0 */;

-- Struktúra mentése tábla fonalbaba. admin_permissions
CREATE TABLE IF NOT EXISTS `admin_permissions` (
  `id` int(10) unsigned NOT NULL AUTO_INCREMENT,
  `document_id` varchar(255) DEFAULT NULL,
  `action` varchar(255) DEFAULT NULL,
  `action_parameters` longtext CHARACTER SET utf8mb4 COLLATE utf8mb4_bin DEFAULT NULL CHECK (json_valid(`action_parameters`)),
  `subject` varchar(255) DEFAULT NULL,
  `properties` longtext CHARACTER SET utf8mb4 COLLATE utf8mb4_bin DEFAULT NULL CHECK (json_valid(`properties`)),
  `conditions` longtext CHARACTER SET utf8mb4 COLLATE utf8mb4_bin DEFAULT NULL CHECK (json_valid(`conditions`)),
  `created_at` datetime(6) DEFAULT NULL,
  `updated_at` datetime(6) DEFAULT NULL,
  `published_at` datetime(6) DEFAULT NULL,
  `created_by_id` int(10) unsigned DEFAULT NULL,
  `updated_by_id` int(10) unsigned DEFAULT NULL,
  `locale` varchar(255) DEFAULT NULL,
  PRIMARY KEY (`id`),
  KEY `admin_permissions_documents_idx` (`document_id`,`locale`,`published_at`),
  KEY `admin_permissions_created_by_id_fk` (`created_by_id`),
  KEY `admin_permissions_updated_by_id_fk` (`updated_by_id`),
  CONSTRAINT `admin_permissions_created_by_id_fk` FOREIGN KEY (`created_by_id`) REFERENCES `admin_users` (`id`) ON DELETE SET NULL,
  CONSTRAINT `admin_permissions_updated_by_id_fk` FOREIGN KEY (`updated_by_id`) REFERENCES `admin_users` (`id`) ON DELETE SET NULL
) ENGINE=InnoDB AUTO_INCREMENT=119 DEFAULT CHARSET=utf8mb4 COLLATE=utf8mb4_general_ci;

-- Tábla adatainak mentése fonalbaba.admin_permissions: ~95 rows (hozzávetőleg)
INSERT IGNORE INTO `admin_permissions` (`id`, `document_id`, `action`, `action_parameters`, `subject`, `properties`, `conditions`, `created_at`, `updated_at`, `published_at`, `created_by_id`, `updated_by_id`, `locale`) VALUES
	(1, 's91wlkay1qgrvg7cjommb8w6', 'plugin::upload.read', '{}', NULL, '{}', '[]', '2024-11-06 21:19:25.895000', '2024-11-06 21:19:25.895000', '2024-11-06 21:19:25.895000', NULL, NULL, NULL),
	(2, 'f2n58agx91l5jqjrr8s5yai8', 'plugin::upload.configure-view', '{}', NULL, '{}', '[]', '2024-11-06 21:19:25.921000', '2024-11-06 21:19:25.921000', '2024-11-06 21:19:25.922000', NULL, NULL, NULL),
	(3, 'f8k5svzecpc3lr36dll5lbp6', 'plugin::upload.assets.create', '{}', NULL, '{}', '[]', '2024-11-06 21:19:25.931000', '2024-11-06 21:19:25.931000', '2024-11-06 21:19:25.931000', NULL, NULL, NULL),
	(4, 'xg62aruai4q6aqllhfq1ivnn', 'plugin::upload.assets.update', '{}', NULL, '{}', '[]', '2024-11-06 21:19:25.938000', '2024-11-06 21:19:25.938000', '2024-11-06 21:19:25.938000', NULL, NULL, NULL),
	(5, 'tj8zwhv88sol47jpksrs5bmz', 'plugin::upload.assets.download', '{}', NULL, '{}', '[]', '2024-11-06 21:19:25.944000', '2024-11-06 21:19:25.944000', '2024-11-06 21:19:25.944000', NULL, NULL, NULL),
	(6, 'szh66sx0a0zpvlghzaqzv3jj', 'plugin::upload.assets.copy-link', '{}', NULL, '{}', '[]', '2024-11-06 21:19:25.951000', '2024-11-06 21:19:25.951000', '2024-11-06 21:19:25.951000', NULL, NULL, NULL),
	(7, 'ywg7xjhty6nmfx6vfwwt0rnf', 'plugin::upload.read', '{}', NULL, '{}', '["admin::is-creator"]', '2024-11-06 21:19:25.958000', '2024-11-06 21:19:25.958000', '2024-11-06 21:19:25.959000', NULL, NULL, NULL),
	(8, 'o9oegx8d89zaajj9y8jz8wvx', 'plugin::upload.configure-view', '{}', NULL, '{}', '[]', '2024-11-06 21:19:25.963000', '2024-11-06 21:19:25.963000', '2024-11-06 21:19:25.963000', NULL, NULL, NULL),
	(9, 'l2vs2kvrhn6vf60cj5ogt72l', 'plugin::upload.assets.create', '{}', NULL, '{}', '[]', '2024-11-06 21:19:25.969000', '2024-11-06 21:19:25.969000', '2024-11-06 21:19:25.969000', NULL, NULL, NULL),
	(10, 'epwiwtvk5v5eohv245o4yecw', 'plugin::upload.assets.update', '{}', NULL, '{}', '["admin::is-creator"]', '2024-11-06 21:19:25.974000', '2024-11-06 21:19:25.974000', '2024-11-06 21:19:25.974000', NULL, NULL, NULL),
	(11, 'pgl868xi4t2h2q6cu7ypc9n6', 'plugin::upload.assets.download', '{}', NULL, '{}', '[]', '2024-11-06 21:19:25.980000', '2024-11-06 21:19:25.980000', '2024-11-06 21:19:25.980000', NULL, NULL, NULL),
	(12, 'uldtdaa0vjnd6saaf3z69qqi', 'plugin::upload.assets.copy-link', '{}', NULL, '{}', '[]', '2024-11-06 21:19:25.985000', '2024-11-06 21:19:25.985000', '2024-11-06 21:19:25.985000', NULL, NULL, NULL),
	(13, 'l7t768ptwz6bvhmnlwehh0ve', 'plugin::content-manager.explorer.create', '{}', 'plugin::users-permissions.user', '{"fields":["username","email","provider","password","resetPasswordToken","confirmationToken","confirmed","blocked","role"]}', '[]', '2024-11-06 21:19:26.034000', '2024-11-06 21:19:26.034000', '2024-11-06 21:19:26.034000', NULL, NULL, NULL),
	(14, 'jh634i1ebjmwu5q1tvn29882', 'plugin::content-manager.explorer.read', '{}', 'plugin::users-permissions.user', '{"fields":["username","email","provider","password","resetPasswordToken","confirmationToken","confirmed","blocked","role"]}', '[]', '2024-11-06 21:19:26.040000', '2024-11-06 21:19:26.040000', '2024-11-06 21:19:26.040000', NULL, NULL, NULL),
	(15, 'cdacdvqi1kad7oelthytqh1h', 'plugin::content-manager.explorer.update', '{}', 'plugin::users-permissions.user', '{"fields":["username","email","provider","password","resetPasswordToken","confirmationToken","confirmed","blocked","role"]}', '[]', '2024-11-06 21:19:26.045000', '2024-11-06 21:19:26.045000', '2024-11-06 21:19:26.045000', NULL, NULL, NULL),
	(16, 'brk6il38rtjv96t9zhsul7fo', 'plugin::content-manager.explorer.delete', '{}', 'plugin::users-permissions.user', '{}', '[]', '2024-11-06 21:19:26.050000', '2024-11-06 21:19:26.050000', '2024-11-06 21:19:26.050000', NULL, NULL, NULL),
	(17, 'ldjhqqzl9w9p5ty67f7zm4zk', 'plugin::content-manager.explorer.publish', '{}', 'plugin::users-permissions.user', '{}', '[]', '2024-11-06 21:19:26.055000', '2024-11-06 21:19:26.055000', '2024-11-06 21:19:26.055000', NULL, NULL, NULL),
	(18, 'yadw1ollx8vjzanbaf2qgwcl', 'plugin::content-manager.single-types.configure-view', '{}', NULL, '{}', '[]', '2024-11-06 21:19:26.060000', '2024-11-06 21:19:26.060000', '2024-11-06 21:19:26.060000', NULL, NULL, NULL),
	(19, 'hf5x0ptrymego0cbe8x161fr', 'plugin::content-manager.collection-types.configure-view', '{}', NULL, '{}', '[]', '2024-11-06 21:19:26.065000', '2024-11-06 21:19:26.065000', '2024-11-06 21:19:26.065000', NULL, NULL, NULL),
	(20, 'kbbonxpucvfspt9so2r4f7k3', 'plugin::content-manager.components.configure-layout', '{}', NULL, '{}', '[]', '2024-11-06 21:19:26.069000', '2024-11-06 21:19:26.069000', '2024-11-06 21:19:26.069000', NULL, NULL, NULL),
	(21, 'fep4ztvnv35lic5owg8xeh54', 'plugin::content-type-builder.read', '{}', NULL, '{}', '[]', '2024-11-06 21:19:26.075000', '2024-11-06 21:19:26.075000', '2024-11-06 21:19:26.075000', NULL, NULL, NULL),
	(22, 'bgikx5jwi934jzixp9un0erk', 'plugin::email.settings.read', '{}', NULL, '{}', '[]', '2024-11-06 21:19:26.079000', '2024-11-06 21:19:26.079000', '2024-11-06 21:19:26.079000', NULL, NULL, NULL),
	(23, 'btx8dz1dqrds3fntji07h58m', 'plugin::upload.read', '{}', NULL, '{}', '[]', '2024-11-06 21:19:26.084000', '2024-11-06 21:19:26.084000', '2024-11-06 21:19:26.084000', NULL, NULL, NULL),
	(24, 'sjdsnyrzgh7290kx515b0pk0', 'plugin::upload.assets.create', '{}', NULL, '{}', '[]', '2024-11-06 21:19:26.089000', '2024-11-06 21:19:26.089000', '2024-11-06 21:19:26.089000', NULL, NULL, NULL),
	(25, 'llj11of7lydkyluhrnn9kk3v', 'plugin::upload.assets.update', '{}', NULL, '{}', '[]', '2024-11-06 21:19:26.093000', '2024-11-06 21:19:26.093000', '2024-11-06 21:19:26.093000', NULL, NULL, NULL),
	(26, 'oi7c0yodri54khwpcroxw8nl', 'plugin::upload.assets.download', '{}', NULL, '{}', '[]', '2024-11-06 21:19:26.098000', '2024-11-06 21:19:26.098000', '2024-11-06 21:19:26.098000', NULL, NULL, NULL),
	(27, 'ft1se1lot4970o41neil9xst', 'plugin::upload.assets.copy-link', '{}', NULL, '{}', '[]', '2024-11-06 21:19:26.102000', '2024-11-06 21:19:26.102000', '2024-11-06 21:19:26.102000', NULL, NULL, NULL),
	(28, 'u57c6v9v18q09psgputwhdtn', 'plugin::upload.configure-view', '{}', NULL, '{}', '[]', '2024-11-06 21:19:26.107000', '2024-11-06 21:19:26.107000', '2024-11-06 21:19:26.107000', NULL, NULL, NULL),
	(29, 'fd7x3e49f6vr4thvqm89jwrq', 'plugin::upload.settings.read', '{}', NULL, '{}', '[]', '2024-11-06 21:19:26.113000', '2024-11-06 21:19:26.113000', '2024-11-06 21:19:26.113000', NULL, NULL, NULL),
	(30, 'dkd84t0gjjuer99g0n5bfxus', 'plugin::i18n.locale.create', '{}', NULL, '{}', '[]', '2024-11-06 21:19:26.117000', '2024-11-06 21:19:26.117000', '2024-11-06 21:19:26.117000', NULL, NULL, NULL),
	(31, 'hxuwbkfnllasn3vely0tgml4', 'plugin::i18n.locale.read', '{}', NULL, '{}', '[]', '2024-11-06 21:19:26.124000', '2024-11-06 21:19:26.124000', '2024-11-06 21:19:26.125000', NULL, NULL, NULL),
	(32, 'ioxr5flvlw26jc8s3sx8y1of', 'plugin::i18n.locale.update', '{}', NULL, '{}', '[]', '2024-11-06 21:19:26.130000', '2024-11-06 21:19:26.130000', '2024-11-06 21:19:26.130000', NULL, NULL, NULL),
	(33, 'g3g1p4yt9azq1jcf5baao0co', 'plugin::i18n.locale.delete', '{}', NULL, '{}', '[]', '2024-11-06 21:19:26.134000', '2024-11-06 21:19:26.134000', '2024-11-06 21:19:26.134000', NULL, NULL, NULL),
	(34, 'l3pzc6jt784fc8d2cbna75cf', 'plugin::users-permissions.roles.create', '{}', NULL, '{}', '[]', '2024-11-06 21:19:26.140000', '2024-11-06 21:19:26.140000', '2024-11-06 21:19:26.140000', NULL, NULL, NULL),
	(35, 'p0qtbmwiivd4ji5docap0zse', 'plugin::users-permissions.roles.read', '{}', NULL, '{}', '[]', '2024-11-06 21:19:26.144000', '2024-11-06 21:19:26.144000', '2024-11-06 21:19:26.145000', NULL, NULL, NULL),
	(36, 'a4v1kggxfr4tt6jfa0wqo38h', 'plugin::users-permissions.roles.update', '{}', NULL, '{}', '[]', '2024-11-06 21:19:26.149000', '2024-11-06 21:19:26.149000', '2024-11-06 21:19:26.149000', NULL, NULL, NULL),
	(37, 'zi3aqibo2y9ydczflullb6nj', 'plugin::users-permissions.roles.delete', '{}', NULL, '{}', '[]', '2024-11-06 21:19:26.155000', '2024-11-06 21:19:26.155000', '2024-11-06 21:19:26.155000', NULL, NULL, NULL),
	(38, 'cgtmddojbw0mg1dm0din2uzl', 'plugin::users-permissions.providers.read', '{}', NULL, '{}', '[]', '2024-11-06 21:19:26.159000', '2024-11-06 21:19:26.159000', '2024-11-06 21:19:26.159000', NULL, NULL, NULL),
	(39, 'or5ycdtivmnp5qvpj03j4qx1', 'plugin::users-permissions.providers.update', '{}', NULL, '{}', '[]', '2024-11-06 21:19:26.164000', '2024-11-06 21:19:26.164000', '2024-11-06 21:19:26.164000', NULL, NULL, NULL),
	(40, 'oavpd39a3afwljdkqtemi4z9', 'plugin::users-permissions.email-templates.read', '{}', NULL, '{}', '[]', '2024-11-06 21:19:26.169000', '2024-11-06 21:19:26.169000', '2024-11-06 21:19:26.169000', NULL, NULL, NULL),
	(41, 'nwc90j6jwm6fn6zqs17q3wg3', 'plugin::users-permissions.email-templates.update', '{}', NULL, '{}', '[]', '2024-11-06 21:19:26.172000', '2024-11-06 21:19:26.172000', '2024-11-06 21:19:26.173000', NULL, NULL, NULL),
	(42, 'dqnz1mof8rs83eyjlrzwydct', 'plugin::users-permissions.advanced-settings.read', '{}', NULL, '{}', '[]', '2024-11-06 21:19:26.176000', '2024-11-06 21:19:26.176000', '2024-11-06 21:19:26.177000', NULL, NULL, NULL),
	(43, 'pjv3yuu6hrtarn1gvzkp6x8u', 'plugin::users-permissions.advanced-settings.update', '{}', NULL, '{}', '[]', '2024-11-06 21:19:26.181000', '2024-11-06 21:19:26.181000', '2024-11-06 21:19:26.181000', NULL, NULL, NULL),
	(44, 'treh73khrwskn38rcjq262b0', 'admin::marketplace.read', '{}', NULL, '{}', '[]', '2024-11-06 21:19:26.185000', '2024-11-06 21:19:26.185000', '2024-11-06 21:19:26.185000', NULL, NULL, NULL),
	(45, 'e1c0k18i7901pvavnj4cjxfw', 'admin::webhooks.create', '{}', NULL, '{}', '[]', '2024-11-06 21:19:26.189000', '2024-11-06 21:19:26.189000', '2024-11-06 21:19:26.189000', NULL, NULL, NULL),
	(46, 'dm4cbtufnnbkfg1yxkelsfsb', 'admin::webhooks.read', '{}', NULL, '{}', '[]', '2024-11-06 21:19:26.193000', '2024-11-06 21:19:26.193000', '2024-11-06 21:19:26.193000', NULL, NULL, NULL),
	(47, 'aunm67wczcsmtw9aiujsovmk', 'admin::webhooks.update', '{}', NULL, '{}', '[]', '2024-11-06 21:19:26.197000', '2024-11-06 21:19:26.197000', '2024-11-06 21:19:26.197000', NULL, NULL, NULL),
	(48, 'vveo08rikblx180izl284mok', 'admin::webhooks.delete', '{}', NULL, '{}', '[]', '2024-11-06 21:19:26.202000', '2024-11-06 21:19:26.202000', '2024-11-06 21:19:26.202000', NULL, NULL, NULL),
	(49, 'v5gq8g9ht6jmq5gt04jtdoab', 'admin::users.create', '{}', NULL, '{}', '[]', '2024-11-06 21:19:26.206000', '2024-11-06 21:19:26.206000', '2024-11-06 21:19:26.207000', NULL, NULL, NULL),
	(50, 'ajydhvwhe1y2pddpaav8frgz', 'admin::users.read', '{}', NULL, '{}', '[]', '2024-11-06 21:19:26.211000', '2024-11-06 21:19:26.211000', '2024-11-06 21:19:26.211000', NULL, NULL, NULL),
	(51, 'mmc72ut0nignh68fsxc9dcob', 'admin::users.update', '{}', NULL, '{}', '[]', '2024-11-06 21:19:26.215000', '2024-11-06 21:19:26.215000', '2024-11-06 21:19:26.215000', NULL, NULL, NULL),
	(52, 'lclfpf3y83zn9bvfs2lunrp0', 'admin::users.delete', '{}', NULL, '{}', '[]', '2024-11-06 21:19:26.220000', '2024-11-06 21:19:26.220000', '2024-11-06 21:19:26.220000', NULL, NULL, NULL),
	(53, 'ofn6ouh196kug177qgckiasj', 'admin::roles.create', '{}', NULL, '{}', '[]', '2024-11-06 21:19:26.224000', '2024-11-06 21:19:26.224000', '2024-11-06 21:19:26.224000', NULL, NULL, NULL),
	(54, 'luilxq9s9c0lfazq5hm1cz8h', 'admin::roles.read', '{}', NULL, '{}', '[]', '2024-11-06 21:19:26.228000', '2024-11-06 21:19:26.228000', '2024-11-06 21:19:26.228000', NULL, NULL, NULL),
	(55, 'b7hut9biz4gxb5gyx8vyo2vb', 'admin::roles.update', '{}', NULL, '{}', '[]', '2024-11-06 21:19:26.233000', '2024-11-06 21:19:26.233000', '2024-11-06 21:19:26.233000', NULL, NULL, NULL),
	(56, 'eej73sn7c6bc8y00e7w9kwqk', 'admin::roles.delete', '{}', NULL, '{}', '[]', '2024-11-06 21:19:26.237000', '2024-11-06 21:19:26.237000', '2024-11-06 21:19:26.237000', NULL, NULL, NULL),
	(57, 'p7a8r7nnk89eu02snyuybi7o', 'admin::api-tokens.access', '{}', NULL, '{}', '[]', '2024-11-06 21:19:26.240000', '2024-11-06 21:19:26.240000', '2024-11-06 21:19:26.240000', NULL, NULL, NULL),
	(58, 'd30ijbef5ec3ldfqicy5d6f6', 'admin::api-tokens.create', '{}', NULL, '{}', '[]', '2024-11-06 21:19:26.245000', '2024-11-06 21:19:26.245000', '2024-11-06 21:19:26.245000', NULL, NULL, NULL),
	(59, 'ejhm9aksjsr22l3c6zg7egzj', 'admin::api-tokens.read', '{}', NULL, '{}', '[]', '2024-11-06 21:19:26.249000', '2024-11-06 21:19:26.249000', '2024-11-06 21:19:26.249000', NULL, NULL, NULL),
	(60, 'iztepoduuekp02b1iswwrycj', 'admin::api-tokens.update', '{}', NULL, '{}', '[]', '2024-11-06 21:19:26.253000', '2024-11-06 21:19:26.253000', '2024-11-06 21:19:26.253000', NULL, NULL, NULL),
	(61, 'hixqkb42b8p7r5vxwxmdd583', 'admin::api-tokens.regenerate', '{}', NULL, '{}', '[]', '2024-11-06 21:19:26.257000', '2024-11-06 21:19:26.257000', '2024-11-06 21:19:26.257000', NULL, NULL, NULL),
	(62, 'oplbzs1yw04waop85cwt1a1o', 'admin::api-tokens.delete', '{}', NULL, '{}', '[]', '2024-11-06 21:19:26.263000', '2024-11-06 21:19:26.263000', '2024-11-06 21:19:26.263000', NULL, NULL, NULL),
	(63, 'ud5zx2ol6gt2exhgpdd3h1mo', 'admin::project-settings.update', '{}', NULL, '{}', '[]', '2024-11-06 21:19:26.267000', '2024-11-06 21:19:26.267000', '2024-11-06 21:19:26.267000', NULL, NULL, NULL),
	(64, 'ji0ryubgpycirg67cnucymad', 'admin::project-settings.read', '{}', NULL, '{}', '[]', '2024-11-06 21:19:26.271000', '2024-11-06 21:19:26.271000', '2024-11-06 21:19:26.271000', NULL, NULL, NULL),
	(65, 'p8opsqwz64shkeud76r4zt65', 'admin::transfer.tokens.access', '{}', NULL, '{}', '[]', '2024-11-06 21:19:26.276000', '2024-11-06 21:19:26.276000', '2024-11-06 21:19:26.276000', NULL, NULL, NULL),
	(66, 'fkkt9y4srhrycqyaw4bl2oyt', 'admin::transfer.tokens.create', '{}', NULL, '{}', '[]', '2024-11-06 21:19:26.280000', '2024-11-06 21:19:26.280000', '2024-11-06 21:19:26.280000', NULL, NULL, NULL),
	(67, 'sqgutmfaoh29xr3ll9ue342z', 'admin::transfer.tokens.read', '{}', NULL, '{}', '[]', '2024-11-06 21:19:26.285000', '2024-11-06 21:19:26.285000', '2024-11-06 21:19:26.285000', NULL, NULL, NULL),
	(68, 'mtb9rrgns8q7i7u1r547axi8', 'admin::transfer.tokens.update', '{}', NULL, '{}', '[]', '2024-11-06 21:19:26.290000', '2024-11-06 21:19:26.290000', '2024-11-06 21:19:26.290000', NULL, NULL, NULL),
	(69, 'q7sh70tdstr9bdcakki5noqt', 'admin::transfer.tokens.regenerate', '{}', NULL, '{}', '[]', '2024-11-06 21:19:26.294000', '2024-11-06 21:19:26.294000', '2024-11-06 21:19:26.294000', NULL, NULL, NULL),
	(70, 'ypjzpzgsuw6ecvwcbjk0a3t9', 'admin::transfer.tokens.delete', '{}', NULL, '{}', '[]', '2024-11-06 21:19:26.298000', '2024-11-06 21:19:26.298000', '2024-11-06 21:19:26.298000', NULL, NULL, NULL),
	(71, 'uypn5eqlc3yfazclc1g44f67', 'plugin::content-manager.explorer.create', '{}', 'api::navitem.navitem', '{"fields":["name","slug","order"]}', '[]', '2024-11-06 21:36:39.498000', '2024-11-06 21:36:39.498000', '2024-11-06 21:36:39.499000', NULL, NULL, NULL),
	(72, 'tr019eetge9hymxvo7fzw2u5', 'plugin::content-manager.explorer.read', '{}', 'api::navitem.navitem', '{"fields":["name","slug","order"]}', '[]', '2024-11-06 21:36:39.516000', '2024-11-06 21:36:39.516000', '2024-11-06 21:36:39.516000', NULL, NULL, NULL),
	(73, 'fcqqc4k2dwd74eo30vam8mk6', 'plugin::content-manager.explorer.update', '{}', 'api::navitem.navitem', '{"fields":["name","slug","order"]}', '[]', '2024-11-06 21:36:39.530000', '2024-11-06 21:36:39.530000', '2024-11-06 21:36:39.530000', NULL, NULL, NULL),
	(74, 'cpct6ooy8q55oc9vephepszg', 'plugin::content-manager.explorer.delete', '{}', 'api::navitem.navitem', '{}', '[]', '2024-11-06 21:36:39.537000', '2024-11-06 21:36:39.537000', '2024-11-06 21:36:39.537000', NULL, NULL, NULL),
	(75, 'spj40xo3sir3psebg9dlohty', 'plugin::content-manager.explorer.publish', '{}', 'api::navitem.navitem', '{}', '[]', '2024-11-06 21:36:39.545000', '2024-11-06 21:36:39.545000', '2024-11-06 21:36:39.545000', NULL, NULL, NULL),
	(79, 'iuyilsqqzh5jhv5o7xstpje6', 'plugin::content-manager.explorer.delete', '{}', 'api::hero.hero', '{}', '[]', '2024-11-06 22:50:58.017000', '2024-11-06 22:50:58.017000', '2024-11-06 22:50:58.017000', NULL, NULL, NULL),
	(80, 'hrij1r3zcya1ri4kz9pxgwsj', 'plugin::content-manager.explorer.publish', '{}', 'api::hero.hero', '{}', '[]', '2024-11-06 22:50:58.030000', '2024-11-06 22:50:58.030000', '2024-11-06 22:50:58.030000', NULL, NULL, NULL),
	(81, 's1wb0x1cpkbc60gq5ecn8114', 'plugin::content-manager.explorer.create', '{}', 'api::hero.hero', '{"fields":["title","description","button","hero_image"]}', '[]', '2024-11-06 22:55:10.699000', '2024-11-06 22:55:10.699000', '2024-11-06 22:55:10.700000', NULL, NULL, NULL),
	(82, 'mn3kwwbqm433e7w92syednzm', 'plugin::content-manager.explorer.read', '{}', 'api::hero.hero', '{"fields":["title","description","button","hero_image"]}', '[]', '2024-11-06 22:55:10.715000', '2024-11-06 22:55:10.715000', '2024-11-06 22:55:10.715000', NULL, NULL, NULL),
	(83, 'si2szgve54hs7qibja9hutfw', 'plugin::content-manager.explorer.update', '{}', 'api::hero.hero', '{"fields":["title","description","button","hero_image"]}', '[]', '2024-11-06 22:55:10.723000', '2024-11-06 22:55:10.723000', '2024-11-06 22:55:10.723000', NULL, NULL, NULL),
	(87, 'yikwvsxgnv8esp686l1j7r2u', 'plugin::content-manager.explorer.delete', '{}', 'api::welcome.welcome', '{}', '[]', '2024-11-06 23:30:19.784000', '2024-11-06 23:30:19.784000', '2024-11-06 23:30:19.785000', NULL, NULL, NULL),
	(88, 'nuyrv5z5iqmot9k3m7v0otvy', 'plugin::content-manager.explorer.publish', '{}', 'api::welcome.welcome', '{}', '[]', '2024-11-06 23:30:19.792000', '2024-11-06 23:30:19.792000', '2024-11-06 23:30:19.792000', NULL, NULL, NULL),
	(92, 'lfkc0qhll7s120348w9ukkh0', 'plugin::content-manager.explorer.create', '{}', 'api::welcome.welcome', '{"fields":["header","paragraph_1","paragraph_2","question_1","paragraph_3","question_2","paragraph_4","paragraph_5","paragraph_6","greetingPrefix","highlightedText","greetingSuffix"]}', '[]', '2024-11-07 17:10:00.834000', '2024-11-07 17:10:00.834000', '2024-11-07 17:10:00.835000', NULL, NULL, NULL),
	(93, 'njpuowe2tmww0y5tfcbp3crg', 'plugin::content-manager.explorer.read', '{}', 'api::welcome.welcome', '{"fields":["header","paragraph_1","paragraph_2","question_1","paragraph_3","question_2","paragraph_4","paragraph_5","paragraph_6","greetingPrefix","highlightedText","greetingSuffix"]}', '[]', '2024-11-07 17:10:00.843000', '2024-11-07 17:10:00.843000', '2024-11-07 17:10:00.843000', NULL, NULL, NULL),
	(94, 'bm5lfgb98mspvyglbhxjcbyp', 'plugin::content-manager.explorer.update', '{}', 'api::welcome.welcome', '{"fields":["header","paragraph_1","paragraph_2","question_1","paragraph_3","question_2","paragraph_4","paragraph_5","paragraph_6","greetingPrefix","highlightedText","greetingSuffix"]}', '[]', '2024-11-07 17:10:00.848000', '2024-11-07 17:10:00.848000', '2024-11-07 17:10:00.848000', NULL, NULL, NULL),
	(103, 'd7y2z5qtuybchl5mg20j570i', 'plugin::content-manager.explorer.delete', '{}', 'api::amigurumi.amigurumi', '{}', '[]', '2024-11-07 17:35:19.838000', '2024-11-07 17:35:19.838000', '2024-11-07 17:35:19.838000', NULL, NULL, NULL),
	(104, 'qpr5i6gwzytjmfabiaefnwhk', 'plugin::content-manager.explorer.publish', '{}', 'api::amigurumi.amigurumi', '{}', '[]', '2024-11-07 17:35:19.843000', '2024-11-07 17:35:19.843000', '2024-11-07 17:35:19.844000', NULL, NULL, NULL),
	(108, 'ynrk6ixij42dch8bg1oace68', 'plugin::content-manager.explorer.create', '{}', 'api::amigurumi.amigurumi', '{"fields":["Text","Title","Photo"]}', '[]', '2024-11-07 17:38:51.056000', '2024-11-07 17:38:51.056000', '2024-11-07 17:38:51.057000', NULL, NULL, NULL),
	(109, 'ujj766s27wszkpqn8mvhqlmh', 'plugin::content-manager.explorer.read', '{}', 'api::amigurumi.amigurumi', '{"fields":["Text","Title","Photo"]}', '[]', '2024-11-07 17:38:51.069000', '2024-11-07 17:38:51.069000', '2024-11-07 17:38:51.069000', NULL, NULL, NULL),
	(110, 'fgmv1hjpocxuvotbgseebb2l', 'plugin::content-manager.explorer.update', '{}', 'api::amigurumi.amigurumi', '{"fields":["Text","Title","Photo"]}', '[]', '2024-11-07 17:38:51.082000', '2024-11-07 17:38:51.082000', '2024-11-07 17:38:51.083000', NULL, NULL, NULL),
	(114, 'm9h0jw8isoqrlvs4ayzqdbn2', 'plugin::content-manager.explorer.delete', '{}', 'api::mintak.mintak', '{}', '[]', '2024-11-07 17:51:50.229000', '2024-11-07 17:51:50.229000', '2024-11-07 17:51:50.229000', NULL, NULL, NULL),
	(115, 'jhfxtncnoe6y751yttm55b8n', 'plugin::content-manager.explorer.publish', '{}', 'api::mintak.mintak', '{}', '[]', '2024-11-07 17:51:50.235000', '2024-11-07 17:51:50.235000', '2024-11-07 17:51:50.235000', NULL, NULL, NULL),
	(116, 'zsr2iqas07qnojjldbliat50', 'plugin::content-manager.explorer.create', '{}', 'api::mintak.mintak', '{"fields":["title","slug","leiras","bovebben","image"]}', '[]', '2024-11-07 22:45:28.610000', '2024-11-07 22:45:28.610000', '2024-11-07 22:45:28.611000', NULL, NULL, NULL),
	(117, 'z7k9izujm6gpmzj448a8up5e', 'plugin::content-manager.explorer.read', '{}', 'api::mintak.mintak', '{"fields":["title","slug","leiras","bovebben","image"]}', '[]', '2024-11-07 22:45:28.618000', '2024-11-07 22:45:28.618000', '2024-11-07 22:45:28.619000', NULL, NULL, NULL),
	(118, 'hict4hdtle2o7zelk3tp1pep', 'plugin::content-manager.explorer.update', '{}', 'api::mintak.mintak', '{"fields":["title","slug","leiras","bovebben","image"]}', '[]', '2024-11-07 22:45:28.624000', '2024-11-07 22:45:28.624000', '2024-11-07 22:45:28.624000', NULL, NULL, NULL);

-- Struktúra mentése tábla fonalbaba. admin_permissions_role_lnk
CREATE TABLE IF NOT EXISTS `admin_permissions_role_lnk` (
  `id` int(10) unsigned NOT NULL AUTO_INCREMENT,
  `permission_id` int(10) unsigned DEFAULT NULL,
  `role_id` int(10) unsigned DEFAULT NULL,
  `permission_ord` double unsigned DEFAULT NULL,
  PRIMARY KEY (`id`),
  UNIQUE KEY `admin_permissions_role_lnk_uq` (`permission_id`,`role_id`),
  KEY `admin_permissions_role_lnk_fk` (`permission_id`),
  KEY `admin_permissions_role_lnk_ifk` (`role_id`),
  KEY `admin_permissions_role_lnk_oifk` (`permission_ord`),
  CONSTRAINT `admin_permissions_role_lnk_fk` FOREIGN KEY (`permission_id`) REFERENCES `admin_permissions` (`id`) ON DELETE CASCADE,
  CONSTRAINT `admin_permissions_role_lnk_ifk` FOREIGN KEY (`role_id`) REFERENCES `admin_roles` (`id`) ON DELETE CASCADE
) ENGINE=InnoDB AUTO_INCREMENT=119 DEFAULT CHARSET=utf8mb4 COLLATE=utf8mb4_general_ci;

-- Tábla adatainak mentése fonalbaba.admin_permissions_role_lnk: ~95 rows (hozzávetőleg)
INSERT IGNORE INTO `admin_permissions_role_lnk` (`id`, `permission_id`, `role_id`, `permission_ord`) VALUES
	(1, 1, 2, 1),
	(2, 2, 2, 2),
	(3, 3, 2, 3),
	(4, 4, 2, 4),
	(5, 5, 2, 5),
	(6, 6, 2, 6),
	(7, 7, 3, 1),
	(8, 8, 3, 2),
	(9, 9, 3, 3),
	(10, 10, 3, 4),
	(11, 11, 3, 5),
	(12, 12, 3, 6),
	(13, 13, 1, 1),
	(14, 14, 1, 2),
	(15, 15, 1, 3),
	(16, 16, 1, 4),
	(17, 17, 1, 5),
	(18, 18, 1, 6),
	(19, 19, 1, 7),
	(20, 20, 1, 8),
	(21, 21, 1, 9),
	(22, 22, 1, 10),
	(23, 23, 1, 11),
	(24, 24, 1, 12),
	(25, 25, 1, 13),
	(26, 26, 1, 14),
	(27, 27, 1, 15),
	(28, 28, 1, 16),
	(29, 29, 1, 17),
	(30, 30, 1, 18),
	(31, 31, 1, 19),
	(32, 32, 1, 20),
	(33, 33, 1, 21),
	(34, 34, 1, 22),
	(35, 35, 1, 23),
	(36, 36, 1, 24),
	(37, 37, 1, 25),
	(38, 38, 1, 26),
	(39, 39, 1, 27),
	(40, 40, 1, 28),
	(41, 41, 1, 29),
	(42, 42, 1, 30),
	(43, 43, 1, 31),
	(44, 44, 1, 32),
	(45, 45, 1, 33),
	(46, 46, 1, 34),
	(47, 47, 1, 35),
	(48, 48, 1, 36),
	(49, 49, 1, 37),
	(50, 50, 1, 38),
	(51, 51, 1, 39),
	(52, 52, 1, 40),
	(53, 53, 1, 41),
	(54, 54, 1, 42),
	(55, 55, 1, 43),
	(56, 56, 1, 44),
	(57, 57, 1, 45),
	(58, 58, 1, 46),
	(59, 59, 1, 47),
	(60, 60, 1, 48),
	(61, 61, 1, 49),
	(62, 62, 1, 50),
	(63, 63, 1, 51),
	(64, 64, 1, 52),
	(65, 65, 1, 53),
	(66, 66, 1, 54),
	(67, 67, 1, 55),
	(68, 68, 1, 56),
	(69, 69, 1, 57),
	(70, 70, 1, 58),
	(71, 71, 1, 59),
	(72, 72, 1, 60),
	(73, 73, 1, 61),
	(74, 74, 1, 62),
	(75, 75, 1, 63),
	(79, 79, 1, 67),
	(80, 80, 1, 68),
	(81, 81, 1, 69),
	(82, 82, 1, 70),
	(83, 83, 1, 71),
	(87, 87, 1, 75),
	(88, 88, 1, 76),
	(92, 92, 1, 77),
	(93, 93, 1, 78),
	(94, 94, 1, 79),
	(103, 103, 1, 83),
	(104, 104, 1, 84),
	(108, 108, 1, 85),
	(109, 109, 1, 86),
	(110, 110, 1, 87),
	(114, 114, 1, 91),
	(115, 115, 1, 92),
	(116, 116, 1, 93),
	(117, 117, 1, 94),
	(118, 118, 1, 95);

-- Struktúra mentése tábla fonalbaba. admin_roles
CREATE TABLE IF NOT EXISTS `admin_roles` (
  `id` int(10) unsigned NOT NULL AUTO_INCREMENT,
  `document_id` varchar(255) DEFAULT NULL,
  `name` varchar(255) DEFAULT NULL,
  `code` varchar(255) DEFAULT NULL,
  `description` varchar(255) DEFAULT NULL,
  `created_at` datetime(6) DEFAULT NULL,
  `updated_at` datetime(6) DEFAULT NULL,
  `published_at` datetime(6) DEFAULT NULL,
  `created_by_id` int(10) unsigned DEFAULT NULL,
  `updated_by_id` int(10) unsigned DEFAULT NULL,
  `locale` varchar(255) DEFAULT NULL,
  PRIMARY KEY (`id`),
  KEY `admin_roles_documents_idx` (`document_id`,`locale`,`published_at`),
  KEY `admin_roles_created_by_id_fk` (`created_by_id`),
  KEY `admin_roles_updated_by_id_fk` (`updated_by_id`),
  CONSTRAINT `admin_roles_created_by_id_fk` FOREIGN KEY (`created_by_id`) REFERENCES `admin_users` (`id`) ON DELETE SET NULL,
  CONSTRAINT `admin_roles_updated_by_id_fk` FOREIGN KEY (`updated_by_id`) REFERENCES `admin_users` (`id`) ON DELETE SET NULL
) ENGINE=InnoDB AUTO_INCREMENT=4 DEFAULT CHARSET=utf8mb4 COLLATE=utf8mb4_general_ci;

-- Tábla adatainak mentése fonalbaba.admin_roles: ~3 rows (hozzávetőleg)
INSERT IGNORE INTO `admin_roles` (`id`, `document_id`, `name`, `code`, `description`, `created_at`, `updated_at`, `published_at`, `created_by_id`, `updated_by_id`, `locale`) VALUES
	(1, 'ooyurrgiyl28bij1hta3t0bx', 'Super Admin', 'strapi-super-admin', 'Super Admins can access and manage all features and settings.', '2024-11-06 21:19:25.798000', '2024-11-06 21:19:25.798000', '2024-11-06 21:19:25.798000', NULL, NULL, NULL),
	(2, 'cq16ly0p1m3cva6q9l7v20jx', 'Editor', 'strapi-editor', 'Editors can manage and publish contents including those of other users.', '2024-11-06 21:19:25.850000', '2024-11-06 21:19:25.850000', '2024-11-06 21:19:25.850000', NULL, NULL, NULL),
	(3, 'sz67chb2v990fasvnii4pq4a', 'Author', 'strapi-author', 'Authors can manage the content they have created.', '2024-11-06 21:19:25.876000', '2024-11-06 21:19:25.876000', '2024-11-06 21:19:25.876000', NULL, NULL, NULL);

-- Struktúra mentése tábla fonalbaba. admin_users
CREATE TABLE IF NOT EXISTS `admin_users` (
  `id` int(10) unsigned NOT NULL AUTO_INCREMENT,
  `document_id` varchar(255) DEFAULT NULL,
  `firstname` varchar(255) DEFAULT NULL,
  `lastname` varchar(255) DEFAULT NULL,
  `username` varchar(255) DEFAULT NULL,
  `email` varchar(255) DEFAULT NULL,
  `password` varchar(255) DEFAULT NULL,
  `reset_password_token` varchar(255) DEFAULT NULL,
  `registration_token` varchar(255) DEFAULT NULL,
  `is_active` tinyint(1) DEFAULT NULL,
  `blocked` tinyint(1) DEFAULT NULL,
  `prefered_language` varchar(255) DEFAULT NULL,
  `created_at` datetime(6) DEFAULT NULL,
  `updated_at` datetime(6) DEFAULT NULL,
  `published_at` datetime(6) DEFAULT NULL,
  `created_by_id` int(10) unsigned DEFAULT NULL,
  `updated_by_id` int(10) unsigned DEFAULT NULL,
  `locale` varchar(255) DEFAULT NULL,
  PRIMARY KEY (`id`),
  KEY `admin_users_documents_idx` (`document_id`,`locale`,`published_at`),
  KEY `admin_users_created_by_id_fk` (`created_by_id`),
  KEY `admin_users_updated_by_id_fk` (`updated_by_id`),
  CONSTRAINT `admin_users_created_by_id_fk` FOREIGN KEY (`created_by_id`) REFERENCES `admin_users` (`id`) ON DELETE SET NULL,
  CONSTRAINT `admin_users_updated_by_id_fk` FOREIGN KEY (`updated_by_id`) REFERENCES `admin_users` (`id`) ON DELETE SET NULL
) ENGINE=InnoDB AUTO_INCREMENT=2 DEFAULT CHARSET=utf8mb4 COLLATE=utf8mb4_general_ci;

-- Tábla adatainak mentése fonalbaba.admin_users: ~0 rows (hozzávetőleg)
INSERT IGNORE INTO `admin_users` (`id`, `document_id`, `firstname`, `lastname`, `username`, `email`, `password`, `reset_password_token`, `registration_token`, `is_active`, `blocked`, `prefered_language`, `created_at`, `updated_at`, `published_at`, `created_by_id`, `updated_by_id`, `locale`) VALUES
	(1, 'xc3ekdxp13zgfndr44chm3dq', 'Ákos', NULL, NULL, 'illes.akos@illesinnovate.hu', '$2a$10$XhVqdiQfCs1W1FrCNpOW3./j0fGIG.10mWrYJ8BfYbc5GR.b1OFcC', NULL, NULL, 1, 0, NULL, '2024-11-06 21:23:30.245000', '2024-11-06 21:23:30.245000', '2024-11-06 21:23:30.246000', NULL, NULL, NULL);

-- Struktúra mentése tábla fonalbaba. admin_users_roles_lnk
CREATE TABLE IF NOT EXISTS `admin_users_roles_lnk` (
  `id` int(10) unsigned NOT NULL AUTO_INCREMENT,
  `user_id` int(10) unsigned DEFAULT NULL,
  `role_id` int(10) unsigned DEFAULT NULL,
  `role_ord` double unsigned DEFAULT NULL,
  `user_ord` double unsigned DEFAULT NULL,
  PRIMARY KEY (`id`),
  UNIQUE KEY `admin_users_roles_lnk_uq` (`user_id`,`role_id`),
  KEY `admin_users_roles_lnk_fk` (`user_id`),
  KEY `admin_users_roles_lnk_ifk` (`role_id`),
  KEY `admin_users_roles_lnk_ofk` (`role_ord`),
  KEY `admin_users_roles_lnk_oifk` (`user_ord`),
  CONSTRAINT `admin_users_roles_lnk_fk` FOREIGN KEY (`user_id`) REFERENCES `admin_users` (`id`) ON DELETE CASCADE,
  CONSTRAINT `admin_users_roles_lnk_ifk` FOREIGN KEY (`role_id`) REFERENCES `admin_roles` (`id`) ON DELETE CASCADE
) ENGINE=InnoDB AUTO_INCREMENT=2 DEFAULT CHARSET=utf8mb4 COLLATE=utf8mb4_general_ci;

-- Tábla adatainak mentése fonalbaba.admin_users_roles_lnk: ~0 rows (hozzávetőleg)
INSERT IGNORE INTO `admin_users_roles_lnk` (`id`, `user_id`, `role_id`, `role_ord`, `user_ord`) VALUES
	(1, 1, 1, 1, 1);

-- Struktúra mentése tábla fonalbaba. amigurumis
CREATE TABLE IF NOT EXISTS `amigurumis` (
  `id` int(10) unsigned NOT NULL AUTO_INCREMENT,
  `document_id` varchar(255) DEFAULT NULL,
  `text` longtext DEFAULT NULL,
  `created_at` datetime(6) DEFAULT NULL,
  `updated_at` datetime(6) DEFAULT NULL,
  `published_at` datetime(6) DEFAULT NULL,
  `created_by_id` int(10) unsigned DEFAULT NULL,
  `updated_by_id` int(10) unsigned DEFAULT NULL,
  `locale` varchar(255) DEFAULT NULL,
  `title` varchar(255) DEFAULT NULL,
  PRIMARY KEY (`id`),
  KEY `amigurumis_documents_idx` (`document_id`,`locale`,`published_at`),
  KEY `amigurumis_created_by_id_fk` (`created_by_id`),
  KEY `amigurumis_updated_by_id_fk` (`updated_by_id`),
  CONSTRAINT `amigurumis_created_by_id_fk` FOREIGN KEY (`created_by_id`) REFERENCES `admin_users` (`id`) ON DELETE SET NULL,
  CONSTRAINT `amigurumis_updated_by_id_fk` FOREIGN KEY (`updated_by_id`) REFERENCES `admin_users` (`id`) ON DELETE SET NULL
) ENGINE=InnoDB AUTO_INCREMENT=5 DEFAULT CHARSET=utf8mb4 COLLATE=utf8mb4_general_ci;

-- Tábla adatainak mentése fonalbaba.amigurumis: ~1 rows (hozzávetőleg)
INSERT IGNORE INTO `amigurumis` (`id`, `document_id`, `text`, `created_at`, `updated_at`, `published_at`, `created_by_id`, `updated_by_id`, `locale`, `title`) VALUES
	(1, 'ohas4we67tj9rbycln55uf1s', 'Engedje szabadjára kreativitását az egyedi amigurumi mintáimmal,\n            melyek részletes leírásokkal és fázisfotókkal segítenek a horgolt\n            figurák, babák és állatkák megalkotásában. Minden mintám gondosan\n            kidolgozott, hogy Ön is könnyedén követhesse a lépéseket és saját,\n            különleges alkotásokat készíthessen.', '2024-11-07 17:35:36.708000', '2024-11-07 17:39:24.806000', NULL, 1, 1, NULL, '            Nyissa ki kreativitását a Könnyes Követhető Amigurumi mintáinkkal'),
	(4, 'ohas4we67tj9rbycln55uf1s', 'Engedje szabadjára kreativitását az egyedi amigurumi mintáimmal,\n            melyek részletes leírásokkal és fázisfotókkal segítenek a horgolt\n            figurák, babák és állatkák megalkotásában. Minden mintám gondosan\n            kidolgozott, hogy Ön is könnyedén követhesse a lépéseket és saját,\n            különleges alkotásokat készíthessen.', '2024-11-07 17:35:36.708000', '2024-11-07 17:39:24.806000', '2024-11-07 17:39:24.844000', 1, 1, NULL, '            Nyissa ki kreativitását a Könnyes Követhető Amigurumi mintáinkkal');

-- Struktúra mentése tábla fonalbaba. components_header_cim_s
CREATE TABLE IF NOT EXISTS `components_header_cim_s` (
  `id` int(10) unsigned NOT NULL AUTO_INCREMENT,
  `text` varchar(255) DEFAULT NULL,
  PRIMARY KEY (`id`)
) ENGINE=InnoDB AUTO_INCREMENT=5 DEFAULT CHARSET=utf8mb4 COLLATE=utf8mb4_general_ci;

-- Tábla adatainak mentése fonalbaba.components_header_cim_s: ~4 rows (hozzávetőleg)
INSERT IGNORE INTO `components_header_cim_s` (`id`, `text`) VALUES
	(1, '            Nyissa ki kreativitását a Könnyes Követhető Amigurumi mintáinkkal'),
	(2, '            Nyissa ki kreativitását a Könnyes Követhető Amigurumi mintáinkkal'),
	(3, 'Nyissa ki kreativitását a Könnyes Követhető Amigurumi mintáinkkal'),
	(4, 'Nyissa ki kreativitását a Könnyes Követhető Amigurumi mintáinkkal');

-- Struktúra mentése tábla fonalbaba. files
CREATE TABLE IF NOT EXISTS `files` (
  `id` int(10) unsigned NOT NULL AUTO_INCREMENT,
  `document_id` varchar(255) DEFAULT NULL,
  `name` varchar(255) DEFAULT NULL,
  `alternative_text` varchar(255) DEFAULT NULL,
  `caption` varchar(255) DEFAULT NULL,
  `width` int(11) DEFAULT NULL,
  `height` int(11) DEFAULT NULL,
  `formats` longtext CHARACTER SET utf8mb4 COLLATE utf8mb4_bin DEFAULT NULL CHECK (json_valid(`formats`)),
  `hash` varchar(255) DEFAULT NULL,
  `ext` varchar(255) DEFAULT NULL,
  `mime` varchar(255) DEFAULT NULL,
  `size` decimal(10,2) DEFAULT NULL,
  `url` varchar(255) DEFAULT NULL,
  `preview_url` varchar(255) DEFAULT NULL,
  `provider` varchar(255) DEFAULT NULL,
  `provider_metadata` longtext CHARACTER SET utf8mb4 COLLATE utf8mb4_bin DEFAULT NULL CHECK (json_valid(`provider_metadata`)),
  `folder_path` varchar(255) DEFAULT NULL,
  `created_at` datetime(6) DEFAULT NULL,
  `updated_at` datetime(6) DEFAULT NULL,
  `published_at` datetime(6) DEFAULT NULL,
  `created_by_id` int(10) unsigned DEFAULT NULL,
  `updated_by_id` int(10) unsigned DEFAULT NULL,
  `locale` varchar(255) DEFAULT NULL,
  PRIMARY KEY (`id`),
  KEY `upload_files_folder_path_index` (`folder_path`),
  KEY `upload_files_created_at_index` (`created_at`),
  KEY `upload_files_updated_at_index` (`updated_at`),
  KEY `upload_files_name_index` (`name`),
  KEY `upload_files_size_index` (`size`),
  KEY `upload_files_ext_index` (`ext`),
  KEY `files_documents_idx` (`document_id`,`locale`,`published_at`),
  KEY `files_created_by_id_fk` (`created_by_id`),
  KEY `files_updated_by_id_fk` (`updated_by_id`),
  CONSTRAINT `files_created_by_id_fk` FOREIGN KEY (`created_by_id`) REFERENCES `admin_users` (`id`) ON DELETE SET NULL,
  CONSTRAINT `files_updated_by_id_fk` FOREIGN KEY (`updated_by_id`) REFERENCES `admin_users` (`id`) ON DELETE SET NULL
) ENGINE=InnoDB AUTO_INCREMENT=8 DEFAULT CHARSET=utf8mb4 COLLATE=utf8mb4_general_ci;

-- Tábla adatainak mentése fonalbaba.files: ~7 rows (hozzávetőleg)
INSERT IGNORE INTO `files` (`id`, `document_id`, `name`, `alternative_text`, `caption`, `width`, `height`, `formats`, `hash`, `ext`, `mime`, `size`, `url`, `preview_url`, `provider`, `provider_metadata`, `folder_path`, `created_at`, `updated_at`, `published_at`, `created_by_id`, `updated_by_id`, `locale`) VALUES
	(1, 'sp4qj4zly3z986qfdjb5y02o', 'bg_logo.png', 'Fonalbaba', NULL, 2000, 2000, '{"thumbnail":{"name":"thumbnail_bg_logo.png","hash":"thumbnail_bg_logo_5f49bfa07f","ext":".png","mime":"image/png","path":null,"width":156,"height":156,"size":9.05,"sizeInBytes":9049,"url":"/uploads/thumbnail_bg_logo_5f49bfa07f.png"},"medium":{"name":"medium_bg_logo.png","hash":"medium_bg_logo_5f49bfa07f","ext":".png","mime":"image/png","path":null,"width":750,"height":750,"size":127.51,"sizeInBytes":127506,"url":"/uploads/medium_bg_logo_5f49bfa07f.png"},"large":{"name":"large_bg_logo.png","hash":"large_bg_logo_5f49bfa07f","ext":".png","mime":"image/png","path":null,"width":1000,"height":1000,"size":207.56,"sizeInBytes":207561,"url":"/uploads/large_bg_logo_5f49bfa07f.png"},"small":{"name":"small_bg_logo.png","hash":"small_bg_logo_5f49bfa07f","ext":".png","mime":"image/png","path":null,"width":500,"height":500,"size":59.29,"sizeInBytes":59286,"url":"/uploads/small_bg_logo_5f49bfa07f.png"}}', 'bg_logo_5f49bfa07f', '.png', 'image/png', 226.93, '/uploads/bg_logo_5f49bfa07f.png', NULL, 'local', NULL, '/', '2024-11-06 22:44:06.971000', '2024-11-06 22:44:06.971000', '2024-11-06 22:44:06.973000', 1, 1, NULL),
	(2, 'ytrzv6tm7pm90e9npc50fmhh', 'bg_remove_logo.png', 'Fonalbaba', NULL, 500, 500, '{"thumbnail":{"name":"thumbnail_bg_remove_logo.png","hash":"thumbnail_bg_remove_logo_1830fa5c96","ext":".png","mime":"image/png","path":null,"width":156,"height":156,"size":12.84,"sizeInBytes":12838,"url":"/uploads/thumbnail_bg_remove_logo_1830fa5c96.png"}}', 'bg_remove_logo_1830fa5c96', '.png', 'image/png', 24.03, '/uploads/bg_remove_logo_1830fa5c96.png', NULL, 'local', NULL, '/', '2024-11-06 22:44:25.526000', '2024-11-06 22:44:25.526000', '2024-11-06 22:44:25.526000', 1, 1, NULL),
	(3, 'dcm5k854bvh9s4enm32bayot', 'IMG_20240919_171359_edit_92083765496851_e196eaf9bd.jpg', NULL, NULL, 4602, 2673, '{"thumbnail":{"name":"thumbnail_IMG_20240919_171359_edit_92083765496851_e196eaf9bd.jpg","hash":"thumbnail_IMG_20240919_171359_edit_92083765496851_e196eaf9bd_a5bc3b96ac","ext":".jpg","mime":"image/jpeg","path":null,"width":245,"height":142,"size":11.12,"sizeInBytes":11122,"url":"/uploads/thumbnail_IMG_20240919_171359_edit_92083765496851_e196eaf9bd_a5bc3b96ac.jpg"},"small":{"name":"small_IMG_20240919_171359_edit_92083765496851_e196eaf9bd.jpg","hash":"small_IMG_20240919_171359_edit_92083765496851_e196eaf9bd_a5bc3b96ac","ext":".jpg","mime":"image/jpeg","path":null,"width":500,"height":290,"size":37.51,"sizeInBytes":37511,"url":"/uploads/small_IMG_20240919_171359_edit_92083765496851_e196eaf9bd_a5bc3b96ac.jpg"},"medium":{"name":"medium_IMG_20240919_171359_edit_92083765496851_e196eaf9bd.jpg","hash":"medium_IMG_20240919_171359_edit_92083765496851_e196eaf9bd_a5bc3b96ac","ext":".jpg","mime":"image/jpeg","path":null,"width":750,"height":436,"size":78.72,"sizeInBytes":78722,"url":"/uploads/medium_IMG_20240919_171359_edit_92083765496851_e196eaf9bd_a5bc3b96ac.jpg"},"large":{"name":"large_IMG_20240919_171359_edit_92083765496851_e196eaf9bd.jpg","hash":"large_IMG_20240919_171359_edit_92083765496851_e196eaf9bd_a5bc3b96ac","ext":".jpg","mime":"image/jpeg","path":null,"width":1000,"height":581,"size":130.54,"sizeInBytes":130541,"url":"/uploads/large_IMG_20240919_171359_edit_92083765496851_e196eaf9bd_a5bc3b96ac.jpg"}}', 'IMG_20240919_171359_edit_92083765496851_e196eaf9bd_a5bc3b96ac', '.jpg', 'image/jpeg', 1717.96, '/uploads/IMG_20240919_171359_edit_92083765496851_e196eaf9bd_a5bc3b96ac.jpg', NULL, 'local', NULL, '/', '2024-11-06 22:55:58.151000', '2024-11-06 22:55:58.151000', '2024-11-06 22:55:58.152000', 1, 1, NULL),
	(4, 'ryjfpu06xc0cyavzr7vf83ti', 'welcome_image_b024785e85.png', NULL, NULL, 1333, 2000, '{"thumbnail":{"name":"thumbnail_welcome_image_b024785e85.png","hash":"thumbnail_welcome_image_b024785e85_e9b7ad2ec5","ext":".png","mime":"image/png","path":null,"width":104,"height":156,"size":30.72,"sizeInBytes":30723,"url":"/uploads/thumbnail_welcome_image_b024785e85_e9b7ad2ec5.png"},"medium":{"name":"medium_welcome_image_b024785e85.png","hash":"medium_welcome_image_b024785e85_e9b7ad2ec5","ext":".png","mime":"image/png","path":null,"width":500,"height":750,"size":495.5,"sizeInBytes":495504,"url":"/uploads/medium_welcome_image_b024785e85_e9b7ad2ec5.png"},"small":{"name":"small_welcome_image_b024785e85.png","hash":"small_welcome_image_b024785e85_e9b7ad2ec5","ext":".png","mime":"image/png","path":null,"width":333,"height":500,"size":238.33,"sizeInBytes":238327,"url":"/uploads/small_welcome_image_b024785e85_e9b7ad2ec5.png"},"large":{"name":"large_welcome_image_b024785e85.png","hash":"large_welcome_image_b024785e85_e9b7ad2ec5","ext":".png","mime":"image/png","path":null,"width":667,"height":1000,"size":837.17,"sizeInBytes":837174,"url":"/uploads/large_welcome_image_b024785e85_e9b7ad2ec5.png"}}', 'welcome_image_b024785e85_e9b7ad2ec5', '.png', 'image/png', 737.72, '/uploads/welcome_image_b024785e85_e9b7ad2ec5.png', NULL, 'local', NULL, '/', '2024-11-07 17:23:25.991000', '2024-11-07 17:24:29.401000', '2024-11-07 17:23:25.993000', 1, 1, NULL),
	(5, 'dkw2jd2mpeqgld1wzklm0l53', 'Bag Collection Photo Collage_20241015_050808_0001.png', NULL, NULL, 2000, 1600, '{"thumbnail":{"name":"thumbnail_Bag Collection Photo Collage_20241015_050808_0001.png","hash":"thumbnail_Bag_Collection_Photo_Collage_20241015_050808_0001_27f1f899fb","ext":".png","mime":"image/png","path":null,"width":195,"height":156,"size":56.11,"sizeInBytes":56107,"url":"/uploads/thumbnail_Bag_Collection_Photo_Collage_20241015_050808_0001_27f1f899fb.png"},"small":{"name":"small_Bag Collection Photo Collage_20241015_050808_0001.png","hash":"small_Bag_Collection_Photo_Collage_20241015_050808_0001_27f1f899fb","ext":".png","mime":"image/png","path":null,"width":500,"height":400,"size":321.7,"sizeInBytes":321702,"url":"/uploads/small_Bag_Collection_Photo_Collage_20241015_050808_0001_27f1f899fb.png"},"medium":{"name":"medium_Bag Collection Photo Collage_20241015_050808_0001.png","hash":"medium_Bag_Collection_Photo_Collage_20241015_050808_0001_27f1f899fb","ext":".png","mime":"image/png","path":null,"width":750,"height":600,"size":703.06,"sizeInBytes":703059,"url":"/uploads/medium_Bag_Collection_Photo_Collage_20241015_050808_0001_27f1f899fb.png"},"large":{"name":"large_Bag Collection Photo Collage_20241015_050808_0001.png","hash":"large_Bag_Collection_Photo_Collage_20241015_050808_0001_27f1f899fb","ext":".png","mime":"image/png","path":null,"width":1000,"height":800,"size":1218.98,"sizeInBytes":1218980,"url":"/uploads/large_Bag_Collection_Photo_Collage_20241015_050808_0001_27f1f899fb.png"}}', 'Bag_Collection_Photo_Collage_20241015_050808_0001_27f1f899fb', '.png', 'image/png', 1132.83, '/uploads/Bag_Collection_Photo_Collage_20241015_050808_0001_27f1f899fb.png', NULL, 'local', NULL, '/', '2024-11-07 17:39:21.220000', '2024-11-07 17:39:21.220000', '2024-11-07 17:39:21.221000', 1, 1, NULL),
	(6, 'bgnsip7y6p1qypq3r9lufkrr', 'IMG_20240825_125849_edit_183525716230561.jpg', NULL, NULL, 2450, 3723, '{"thumbnail":{"name":"thumbnail_IMG_20240825_125849_edit_183525716230561.jpg","hash":"thumbnail_IMG_20240825_125849_edit_183525716230561_52b00026fb","ext":".jpg","mime":"image/jpeg","path":null,"width":103,"height":156,"size":3.87,"sizeInBytes":3867,"url":"/uploads/thumbnail_IMG_20240825_125849_edit_183525716230561_52b00026fb.jpg"},"small":{"name":"small_IMG_20240825_125849_edit_183525716230561.jpg","hash":"small_IMG_20240825_125849_edit_183525716230561_52b00026fb","ext":".jpg","mime":"image/jpeg","path":null,"width":329,"height":500,"size":26.6,"sizeInBytes":26596,"url":"/uploads/small_IMG_20240825_125849_edit_183525716230561_52b00026fb.jpg"},"medium":{"name":"medium_IMG_20240825_125849_edit_183525716230561.jpg","hash":"medium_IMG_20240825_125849_edit_183525716230561_52b00026fb","ext":".jpg","mime":"image/jpeg","path":null,"width":494,"height":750,"size":53.38,"sizeInBytes":53377,"url":"/uploads/medium_IMG_20240825_125849_edit_183525716230561_52b00026fb.jpg"},"large":{"name":"large_IMG_20240825_125849_edit_183525716230561.jpg","hash":"large_IMG_20240825_125849_edit_183525716230561_52b00026fb","ext":".jpg","mime":"image/jpeg","path":null,"width":658,"height":1000,"size":86.93,"sizeInBytes":86927,"url":"/uploads/large_IMG_20240825_125849_edit_183525716230561_52b00026fb.jpg"}}', 'IMG_20240825_125849_edit_183525716230561_52b00026fb', '.jpg', 'image/jpeg', 762.93, '/uploads/IMG_20240825_125849_edit_183525716230561_52b00026fb.jpg', NULL, 'local', NULL, '/', '2024-11-07 22:47:32.097000', '2024-11-07 22:47:32.097000', '2024-11-07 22:47:32.099000', 1, 1, NULL),
	(7, 'v798qt0xcx8432s1c7uyfo4w', '2_20241007_210335_0001.png', NULL, NULL, 1333, 2000, '{"thumbnail":{"name":"thumbnail_2_20241007_210335_0001.png","hash":"thumbnail_2_20241007_210335_0001_b638319c34","ext":".png","mime":"image/png","path":null,"width":104,"height":156,"size":38.51,"sizeInBytes":38506,"url":"/uploads/thumbnail_2_20241007_210335_0001_b638319c34.png"},"small":{"name":"small_2_20241007_210335_0001.png","hash":"small_2_20241007_210335_0001_b638319c34","ext":".png","mime":"image/png","path":null,"width":333,"height":500,"size":330.05,"sizeInBytes":330050,"url":"/uploads/small_2_20241007_210335_0001_b638319c34.png"},"medium":{"name":"medium_2_20241007_210335_0001.png","hash":"medium_2_20241007_210335_0001_b638319c34","ext":".png","mime":"image/png","path":null,"width":500,"height":750,"size":696.09,"sizeInBytes":696086,"url":"/uploads/medium_2_20241007_210335_0001_b638319c34.png"},"large":{"name":"large_2_20241007_210335_0001.png","hash":"large_2_20241007_210335_0001_b638319c34","ext":".png","mime":"image/png","path":null,"width":667,"height":1000,"size":1195.66,"sizeInBytes":1195663,"url":"/uploads/large_2_20241007_210335_0001_b638319c34.png"}}', '2_20241007_210335_0001_b638319c34', '.png', 'image/png', 1217.05, '/uploads/2_20241007_210335_0001_b638319c34.png', NULL, 'local', NULL, '/', '2024-11-07 22:47:34.328000', '2024-11-07 22:47:34.328000', '2024-11-07 22:47:34.329000', 1, 1, NULL);

-- Struktúra mentése tábla fonalbaba. files_folder_lnk
CREATE TABLE IF NOT EXISTS `files_folder_lnk` (
  `id` int(10) unsigned NOT NULL AUTO_INCREMENT,
  `file_id` int(10) unsigned DEFAULT NULL,
  `folder_id` int(10) unsigned DEFAULT NULL,
  `file_ord` double unsigned DEFAULT NULL,
  PRIMARY KEY (`id`),
  UNIQUE KEY `files_folder_lnk_uq` (`file_id`,`folder_id`),
  KEY `files_folder_lnk_fk` (`file_id`),
  KEY `files_folder_lnk_ifk` (`folder_id`),
  KEY `files_folder_lnk_oifk` (`file_ord`),
  CONSTRAINT `files_folder_lnk_fk` FOREIGN KEY (`file_id`) REFERENCES `files` (`id`) ON DELETE CASCADE,
  CONSTRAINT `files_folder_lnk_ifk` FOREIGN KEY (`folder_id`) REFERENCES `upload_folders` (`id`) ON DELETE CASCADE
) ENGINE=InnoDB DEFAULT CHARSET=utf8mb4 COLLATE=utf8mb4_general_ci;

-- Tábla adatainak mentése fonalbaba.files_folder_lnk: ~0 rows (hozzávetőleg)

-- Struktúra mentése tábla fonalbaba. files_related_mph
CREATE TABLE IF NOT EXISTS `files_related_mph` (
  `id` int(10) unsigned NOT NULL AUTO_INCREMENT,
  `file_id` int(10) unsigned DEFAULT NULL,
  `related_id` int(10) unsigned DEFAULT NULL,
  `related_type` varchar(255) DEFAULT NULL,
  `field` varchar(255) DEFAULT NULL,
  `order` double unsigned DEFAULT NULL,
  PRIMARY KEY (`id`),
  KEY `files_related_mph_fk` (`file_id`),
  KEY `files_related_mph_oidx` (`order`),
  KEY `files_related_mph_idix` (`related_id`),
  CONSTRAINT `files_related_mph_fk` FOREIGN KEY (`file_id`) REFERENCES `files` (`id`) ON DELETE CASCADE
) ENGINE=InnoDB AUTO_INCREMENT=9 DEFAULT CHARSET=utf8mb4 COLLATE=utf8mb4_general_ci;

-- Tábla adatainak mentése fonalbaba.files_related_mph: ~8 rows (hozzávetőleg)
INSERT IGNORE INTO `files_related_mph` (`id`, `file_id`, `related_id`, `related_type`, `field`, `order`) VALUES
	(1, 3, 1, 'api::hero.hero', 'hero_image', 1),
	(2, 3, 3, 'api::hero.hero', 'hero_image', 1),
	(3, 5, 1, 'api::amigurumi.amigurumi', 'Photo', 1),
	(4, 5, 4, 'api::amigurumi.amigurumi', 'Photo', 1),
	(5, 6, 1, 'api::mintak.mintak', 'image', 1),
	(6, 7, 1, 'api::mintak.mintak', 'image', 2),
	(7, 6, 4, 'api::mintak.mintak', 'image', 1),
	(8, 7, 4, 'api::mintak.mintak', 'image', 2);

-- Struktúra mentése tábla fonalbaba. heroes
CREATE TABLE IF NOT EXISTS `heroes` (
  `id` int(10) unsigned NOT NULL AUTO_INCREMENT,
  `document_id` varchar(255) DEFAULT NULL,
  `title` varchar(255) DEFAULT NULL,
  `description` longtext DEFAULT NULL,
  `button` varchar(255) DEFAULT NULL,
  `created_at` datetime(6) DEFAULT NULL,
  `updated_at` datetime(6) DEFAULT NULL,
  `published_at` datetime(6) DEFAULT NULL,
  `created_by_id` int(10) unsigned DEFAULT NULL,
  `updated_by_id` int(10) unsigned DEFAULT NULL,
  `locale` varchar(255) DEFAULT NULL,
  PRIMARY KEY (`id`),
  KEY `heroes_documents_idx` (`document_id`,`locale`,`published_at`),
  KEY `heroes_created_by_id_fk` (`created_by_id`),
  KEY `heroes_updated_by_id_fk` (`updated_by_id`),
  CONSTRAINT `heroes_created_by_id_fk` FOREIGN KEY (`created_by_id`) REFERENCES `admin_users` (`id`) ON DELETE SET NULL,
  CONSTRAINT `heroes_updated_by_id_fk` FOREIGN KEY (`updated_by_id`) REFERENCES `admin_users` (`id`) ON DELETE SET NULL
) ENGINE=InnoDB AUTO_INCREMENT=4 DEFAULT CHARSET=utf8mb4 COLLATE=utf8mb4_general_ci;

-- Tábla adatainak mentése fonalbaba.heroes: ~1 rows (hozzávetőleg)
INSERT IGNORE INTO `heroes` (`id`, `document_id`, `title`, `description`, `button`, `created_at`, `updated_at`, `published_at`, `created_by_id`, `updated_by_id`, `locale`) VALUES
	(1, 'y8ii6fve93lb6obvef827slm', 'Köszöntelek az oldalamon', 'Fedezd fel az amigurumi világát, ahol álmaid minden öltéssel életre kelnek!', 'Minták', '2024-11-06 22:52:48.348000', '2024-11-06 22:56:00.457000', NULL, 1, 1, NULL),
	(3, 'y8ii6fve93lb6obvef827slm', 'Köszöntelek az oldalamon', 'Fedezd fel az amigurumi világát, ahol álmaid minden öltéssel életre kelnek!', 'Minták', '2024-11-06 22:52:48.348000', '2024-11-06 22:56:00.457000', '2024-11-06 22:56:00.498000', 1, 1, NULL);

-- Struktúra mentése tábla fonalbaba. i18n_locale
CREATE TABLE IF NOT EXISTS `i18n_locale` (
  `id` int(10) unsigned NOT NULL AUTO_INCREMENT,
  `document_id` varchar(255) DEFAULT NULL,
  `name` varchar(255) DEFAULT NULL,
  `code` varchar(255) DEFAULT NULL,
  `created_at` datetime(6) DEFAULT NULL,
  `updated_at` datetime(6) DEFAULT NULL,
  `published_at` datetime(6) DEFAULT NULL,
  `created_by_id` int(10) unsigned DEFAULT NULL,
  `updated_by_id` int(10) unsigned DEFAULT NULL,
  `locale` varchar(255) DEFAULT NULL,
  PRIMARY KEY (`id`),
  KEY `i18n_locale_documents_idx` (`document_id`,`locale`,`published_at`),
  KEY `i18n_locale_created_by_id_fk` (`created_by_id`),
  KEY `i18n_locale_updated_by_id_fk` (`updated_by_id`),
  CONSTRAINT `i18n_locale_created_by_id_fk` FOREIGN KEY (`created_by_id`) REFERENCES `admin_users` (`id`) ON DELETE SET NULL,
  CONSTRAINT `i18n_locale_updated_by_id_fk` FOREIGN KEY (`updated_by_id`) REFERENCES `admin_users` (`id`) ON DELETE SET NULL
) ENGINE=InnoDB AUTO_INCREMENT=2 DEFAULT CHARSET=utf8mb4 COLLATE=utf8mb4_general_ci;

-- Tábla adatainak mentése fonalbaba.i18n_locale: ~0 rows (hozzávetőleg)
INSERT IGNORE INTO `i18n_locale` (`id`, `document_id`, `name`, `code`, `created_at`, `updated_at`, `published_at`, `created_by_id`, `updated_by_id`, `locale`) VALUES
	(1, 'n2sotdrup48cka0msw65fcgw', 'English (en)', 'en', '2024-11-06 21:19:24.986000', '2024-11-06 21:19:24.986000', '2024-11-06 21:19:24.987000', NULL, NULL, NULL);

-- Struktúra mentése tábla fonalbaba. mintaks
CREATE TABLE IF NOT EXISTS `mintaks` (
  `id` int(10) unsigned NOT NULL AUTO_INCREMENT,
  `document_id` varchar(255) DEFAULT NULL,
  `title` varchar(255) DEFAULT NULL,
  `slug` varchar(255) DEFAULT NULL,
  `leiras` longtext DEFAULT NULL,
  `bovebben` longtext DEFAULT NULL,
  `created_at` datetime(6) DEFAULT NULL,
  `updated_at` datetime(6) DEFAULT NULL,
  `published_at` datetime(6) DEFAULT NULL,
  `created_by_id` int(10) unsigned DEFAULT NULL,
  `updated_by_id` int(10) unsigned DEFAULT NULL,
  `locale` varchar(255) DEFAULT NULL,
  PRIMARY KEY (`id`),
  KEY `mintaks_documents_idx` (`document_id`,`locale`,`published_at`),
  KEY `mintaks_created_by_id_fk` (`created_by_id`),
  KEY `mintaks_updated_by_id_fk` (`updated_by_id`),
  CONSTRAINT `mintaks_created_by_id_fk` FOREIGN KEY (`created_by_id`) REFERENCES `admin_users` (`id`) ON DELETE SET NULL,
  CONSTRAINT `mintaks_updated_by_id_fk` FOREIGN KEY (`updated_by_id`) REFERENCES `admin_users` (`id`) ON DELETE SET NULL
) ENGINE=InnoDB AUTO_INCREMENT=5 DEFAULT CHARSET=utf8mb4 COLLATE=utf8mb4_general_ci;

-- Tábla adatainak mentése fonalbaba.mintaks: ~1 rows (hozzávetőleg)
INSERT IGNORE INTO `mintaks` (`id`, `document_id`, `title`, `slug`, `leiras`, `bovebben`, `created_at`, `updated_at`, `published_at`, `created_by_id`, `updated_by_id`, `locale`) VALUES
	(1, 'qwsn0lmvm40i5f5rhsb9n24t', 'Berta', 'berta', '**Bold**', '**Berta** horgolási mintája hasonlít Csepkéjéhez. Amit változtattam az a haj,  és persze a ruhatár. Berta egy natúr blúzt, rózsaszín kis szoknyát és nagyon menő pink színű kiskabátot visel. A válltáskát azokból a színekből készítettem el, amit a ruhákhoz használtam, így nagyon kellemes lett az összhatás. Ha ránézek egy vidám, életre való kislányt juttat eszembe…. A minta leírás a ruhán kívül a kis táska leírását is tartalmazza.\nBerta is Catania fonalból készült, magassága 35 cm.\nFogadjátok szeretettel. \nA minta leírást pdfben tudom küldeni, rengeteg fázis fotóval, színkódokkal. \nA minta leírás 28 oldal\nDigitális termék, magyar nyelven\n1800.- forint\n', '2024-11-07 17:58:49.734000', '2024-11-07 22:47:47.218000', NULL, 1, 1, NULL),
	(4, 'qwsn0lmvm40i5f5rhsb9n24t', 'Berta', 'berta', '**Bold**', '**Berta** horgolási mintája hasonlít Csepkéjéhez. Amit változtattam az a haj,  és persze a ruhatár. Berta egy natúr blúzt, rózsaszín kis szoknyát és nagyon menő pink színű kiskabátot visel. A válltáskát azokból a színekből készítettem el, amit a ruhákhoz használtam, így nagyon kellemes lett az összhatás. Ha ránézek egy vidám, életre való kislányt juttat eszembe…. A minta leírás a ruhán kívül a kis táska leírását is tartalmazza.\nBerta is Catania fonalból készült, magassága 35 cm.\nFogadjátok szeretettel. \nA minta leírást pdfben tudom küldeni, rengeteg fázis fotóval, színkódokkal. \nA minta leírás 28 oldal\nDigitális termék, magyar nyelven\n1800.- forint\n', '2024-11-07 17:58:49.734000', '2024-11-07 22:47:47.218000', '2024-11-07 22:47:47.250000', 1, 1, NULL);

-- Struktúra mentése tábla fonalbaba. navitems
CREATE TABLE IF NOT EXISTS `navitems` (
  `id` int(10) unsigned NOT NULL AUTO_INCREMENT,
  `document_id` varchar(255) DEFAULT NULL,
  `name` varchar(255) DEFAULT NULL,
  `slug` varchar(255) DEFAULT NULL,
  `order` int(11) DEFAULT NULL,
  `created_at` datetime(6) DEFAULT NULL,
  `updated_at` datetime(6) DEFAULT NULL,
  `published_at` datetime(6) DEFAULT NULL,
  `created_by_id` int(10) unsigned DEFAULT NULL,
  `updated_by_id` int(10) unsigned DEFAULT NULL,
  `locale` varchar(255) DEFAULT NULL,
  PRIMARY KEY (`id`),
  KEY `navitems_documents_idx` (`document_id`,`locale`,`published_at`),
  KEY `navitems_created_by_id_fk` (`created_by_id`),
  KEY `navitems_updated_by_id_fk` (`updated_by_id`),
  CONSTRAINT `navitems_created_by_id_fk` FOREIGN KEY (`created_by_id`) REFERENCES `admin_users` (`id`) ON DELETE SET NULL,
  CONSTRAINT `navitems_updated_by_id_fk` FOREIGN KEY (`updated_by_id`) REFERENCES `admin_users` (`id`) ON DELETE SET NULL
) ENGINE=InnoDB AUTO_INCREMENT=9 DEFAULT CHARSET=utf8mb4 COLLATE=utf8mb4_general_ci;

-- Tábla adatainak mentése fonalbaba.navitems: ~8 rows (hozzávetőleg)
INSERT IGNORE INTO `navitems` (`id`, `document_id`, `name`, `slug`, `order`, `created_at`, `updated_at`, `published_at`, `created_by_id`, `updated_by_id`, `locale`) VALUES
	(1, 'y7r6ksfy87kbp8f9n037tytf', 'Főoldal', '/', 1, '2024-11-06 21:36:53.982000', '2024-11-06 21:36:53.982000', NULL, 1, 1, NULL),
	(2, 'wqra0g87i0ny4z1aiasep024', 'Minták', '/mintak', 2, '2024-11-06 21:37:06.852000', '2024-11-06 21:37:06.852000', NULL, 1, 1, NULL),
	(3, 'm7ft5u3icgglmbxldueu2cst', 'Bemutatkozás', '/bemutatkozas', 3, '2024-11-06 21:37:19.313000', '2024-11-06 21:37:19.313000', NULL, 1, 1, NULL),
	(4, 'ipijhkoc7avksvf4fkfx8hah', 'Kapcsolat', '/kapcsolat', 4, '2024-11-06 21:37:33.293000', '2024-11-06 21:37:33.293000', NULL, 1, 1, NULL),
	(5, 'm7ft5u3icgglmbxldueu2cst', 'Bemutatkozás', '/bemutatkozas', 3, '2024-11-06 21:37:19.313000', '2024-11-06 21:37:19.313000', '2024-11-06 21:37:43.982000', 1, 1, NULL),
	(6, 'y7r6ksfy87kbp8f9n037tytf', 'Főoldal', '/', 1, '2024-11-06 21:36:53.982000', '2024-11-06 21:36:53.982000', '2024-11-06 21:37:43.984000', 1, 1, NULL),
	(7, 'ipijhkoc7avksvf4fkfx8hah', 'Kapcsolat', '/kapcsolat', 4, '2024-11-06 21:37:33.293000', '2024-11-06 21:37:33.293000', '2024-11-06 21:37:43.987000', 1, 1, NULL),
	(8, 'wqra0g87i0ny4z1aiasep024', 'Minták', '/mintak', 2, '2024-11-06 21:37:06.852000', '2024-11-06 21:37:06.852000', '2024-11-06 21:37:43.990000', 1, 1, NULL);

-- Struktúra mentése tábla fonalbaba. strapi_api_tokens
CREATE TABLE IF NOT EXISTS `strapi_api_tokens` (
  `id` int(10) unsigned NOT NULL AUTO_INCREMENT,
  `document_id` varchar(255) DEFAULT NULL,
  `name` varchar(255) DEFAULT NULL,
  `description` varchar(255) DEFAULT NULL,
  `type` varchar(255) DEFAULT NULL,
  `access_key` varchar(255) DEFAULT NULL,
  `last_used_at` datetime(6) DEFAULT NULL,
  `expires_at` datetime(6) DEFAULT NULL,
  `lifespan` bigint(20) DEFAULT NULL,
  `created_at` datetime(6) DEFAULT NULL,
  `updated_at` datetime(6) DEFAULT NULL,
  `published_at` datetime(6) DEFAULT NULL,
  `created_by_id` int(10) unsigned DEFAULT NULL,
  `updated_by_id` int(10) unsigned DEFAULT NULL,
  `locale` varchar(255) DEFAULT NULL,
  PRIMARY KEY (`id`),
  KEY `strapi_api_tokens_documents_idx` (`document_id`,`locale`,`published_at`),
  KEY `strapi_api_tokens_created_by_id_fk` (`created_by_id`),
  KEY `strapi_api_tokens_updated_by_id_fk` (`updated_by_id`),
  CONSTRAINT `strapi_api_tokens_created_by_id_fk` FOREIGN KEY (`created_by_id`) REFERENCES `admin_users` (`id`) ON DELETE SET NULL,
  CONSTRAINT `strapi_api_tokens_updated_by_id_fk` FOREIGN KEY (`updated_by_id`) REFERENCES `admin_users` (`id`) ON DELETE SET NULL
) ENGINE=InnoDB DEFAULT CHARSET=utf8mb4 COLLATE=utf8mb4_general_ci;

-- Tábla adatainak mentése fonalbaba.strapi_api_tokens: ~0 rows (hozzávetőleg)

-- Struktúra mentése tábla fonalbaba. strapi_api_token_permissions
CREATE TABLE IF NOT EXISTS `strapi_api_token_permissions` (
  `id` int(10) unsigned NOT NULL AUTO_INCREMENT,
  `document_id` varchar(255) DEFAULT NULL,
  `action` varchar(255) DEFAULT NULL,
  `created_at` datetime(6) DEFAULT NULL,
  `updated_at` datetime(6) DEFAULT NULL,
  `published_at` datetime(6) DEFAULT NULL,
  `created_by_id` int(10) unsigned DEFAULT NULL,
  `updated_by_id` int(10) unsigned DEFAULT NULL,
  `locale` varchar(255) DEFAULT NULL,
  PRIMARY KEY (`id`),
  KEY `strapi_api_token_permissions_documents_idx` (`document_id`,`locale`,`published_at`),
  KEY `strapi_api_token_permissions_created_by_id_fk` (`created_by_id`),
  KEY `strapi_api_token_permissions_updated_by_id_fk` (`updated_by_id`),
  CONSTRAINT `strapi_api_token_permissions_created_by_id_fk` FOREIGN KEY (`created_by_id`) REFERENCES `admin_users` (`id`) ON DELETE SET NULL,
  CONSTRAINT `strapi_api_token_permissions_updated_by_id_fk` FOREIGN KEY (`updated_by_id`) REFERENCES `admin_users` (`id`) ON DELETE SET NULL
) ENGINE=InnoDB DEFAULT CHARSET=utf8mb4 COLLATE=utf8mb4_general_ci;

-- Tábla adatainak mentése fonalbaba.strapi_api_token_permissions: ~0 rows (hozzávetőleg)

-- Struktúra mentése tábla fonalbaba. strapi_api_token_permissions_token_lnk
CREATE TABLE IF NOT EXISTS `strapi_api_token_permissions_token_lnk` (
  `id` int(10) unsigned NOT NULL AUTO_INCREMENT,
  `api_token_permission_id` int(10) unsigned DEFAULT NULL,
  `api_token_id` int(10) unsigned DEFAULT NULL,
  `api_token_permission_ord` double unsigned DEFAULT NULL,
  PRIMARY KEY (`id`),
  UNIQUE KEY `strapi_api_token_permissions_token_lnk_uq` (`api_token_permission_id`,`api_token_id`),
  KEY `strapi_api_token_permissions_token_lnk_fk` (`api_token_permission_id`),
  KEY `strapi_api_token_permissions_token_lnk_ifk` (`api_token_id`),
  KEY `strapi_api_token_permissions_token_lnk_oifk` (`api_token_permission_ord`),
  CONSTRAINT `strapi_api_token_permissions_token_lnk_fk` FOREIGN KEY (`api_token_permission_id`) REFERENCES `strapi_api_token_permissions` (`id`) ON DELETE CASCADE,
  CONSTRAINT `strapi_api_token_permissions_token_lnk_ifk` FOREIGN KEY (`api_token_id`) REFERENCES `strapi_api_tokens` (`id`) ON DELETE CASCADE
) ENGINE=InnoDB DEFAULT CHARSET=utf8mb4 COLLATE=utf8mb4_general_ci;

-- Tábla adatainak mentése fonalbaba.strapi_api_token_permissions_token_lnk: ~0 rows (hozzávetőleg)

-- Struktúra mentése tábla fonalbaba. strapi_core_store_settings
CREATE TABLE IF NOT EXISTS `strapi_core_store_settings` (
  `id` int(10) unsigned NOT NULL AUTO_INCREMENT,
  `key` varchar(255) DEFAULT NULL,
  `value` longtext DEFAULT NULL,
  `type` varchar(255) DEFAULT NULL,
  `environment` varchar(255) DEFAULT NULL,
  `tag` varchar(255) DEFAULT NULL,
  PRIMARY KEY (`id`)
) ENGINE=InnoDB AUTO_INCREMENT=35 DEFAULT CHARSET=utf8mb4 COLLATE=utf8mb4_general_ci;

-- Tábla adatainak mentése fonalbaba.strapi_core_store_settings: ~32 rows (hozzávetőleg)
INSERT IGNORE INTO `strapi_core_store_settings` (`id`, `key`, `value`, `type`, `environment`, `tag`) VALUES
	(1, 'strapi_content_types_schema', '{"plugin::upload.file":{"collectionName":"files","info":{"singularName":"file","pluralName":"files","displayName":"File","description":""},"options":{"draftAndPublish":false},"pluginOptions":{"content-manager":{"visible":false},"content-type-builder":{"visible":false}},"attributes":{"name":{"type":"string","configurable":false,"required":true},"alternativeText":{"type":"string","configurable":false},"caption":{"type":"string","configurable":false},"width":{"type":"integer","configurable":false},"height":{"type":"integer","configurable":false},"formats":{"type":"json","configurable":false},"hash":{"type":"string","configurable":false,"required":true},"ext":{"type":"string","configurable":false},"mime":{"type":"string","configurable":false,"required":true},"size":{"type":"decimal","configurable":false,"required":true},"url":{"type":"string","configurable":false,"required":true},"previewUrl":{"type":"string","configurable":false},"provider":{"type":"string","configurable":false,"required":true},"provider_metadata":{"type":"json","configurable":false},"related":{"type":"relation","relation":"morphToMany","configurable":false},"folder":{"type":"relation","relation":"manyToOne","target":"plugin::upload.folder","inversedBy":"files","private":true},"folderPath":{"type":"string","minLength":1,"required":true,"private":true,"searchable":false},"createdAt":{"type":"datetime"},"updatedAt":{"type":"datetime"},"publishedAt":{"type":"datetime","configurable":false,"writable":true,"visible":false},"createdBy":{"type":"relation","relation":"oneToOne","target":"admin::user","configurable":false,"writable":false,"visible":false,"useJoinTable":false,"private":true},"updatedBy":{"type":"relation","relation":"oneToOne","target":"admin::user","configurable":false,"writable":false,"visible":false,"useJoinTable":false,"private":true},"locale":{"writable":true,"private":true,"configurable":false,"visible":false,"type":"string"},"localizations":{"type":"relation","relation":"oneToMany","target":"plugin::upload.file","writable":false,"private":true,"configurable":false,"visible":false,"unstable_virtual":true,"joinColumn":{"name":"document_id","referencedColumn":"document_id","referencedTable":"files"}}},"indexes":[{"name":"upload_files_folder_path_index","columns":["folder_path"],"type":null},{"name":"upload_files_created_at_index","columns":["created_at"],"type":null},{"name":"upload_files_updated_at_index","columns":["updated_at"],"type":null},{"name":"upload_files_name_index","columns":["name"],"type":null},{"name":"upload_files_size_index","columns":["size"],"type":null},{"name":"upload_files_ext_index","columns":["ext"],"type":null}],"plugin":"upload","globalId":"UploadFile","uid":"plugin::upload.file","modelType":"contentType","kind":"collectionType","__schema__":{"collectionName":"files","info":{"singularName":"file","pluralName":"files","displayName":"File","description":""},"options":{},"pluginOptions":{"content-manager":{"visible":false},"content-type-builder":{"visible":false}},"attributes":{"name":{"type":"string","configurable":false,"required":true},"alternativeText":{"type":"string","configurable":false},"caption":{"type":"string","configurable":false},"width":{"type":"integer","configurable":false},"height":{"type":"integer","configurable":false},"formats":{"type":"json","configurable":false},"hash":{"type":"string","configurable":false,"required":true},"ext":{"type":"string","configurable":false},"mime":{"type":"string","configurable":false,"required":true},"size":{"type":"decimal","configurable":false,"required":true},"url":{"type":"string","configurable":false,"required":true},"previewUrl":{"type":"string","configurable":false},"provider":{"type":"string","configurable":false,"required":true},"provider_metadata":{"type":"json","configurable":false},"related":{"type":"relation","relation":"morphToMany","configurable":false},"folder":{"type":"relation","relation":"manyToOne","target":"plugin::upload.folder","inversedBy":"files","private":true},"folderPath":{"type":"string","minLength":1,"required":true,"private":true,"searchable":false}},"kind":"collectionType"},"modelName":"file"},"plugin::upload.folder":{"collectionName":"upload_folders","info":{"singularName":"folder","pluralName":"folders","displayName":"Folder"},"options":{"draftAndPublish":false},"pluginOptions":{"content-manager":{"visible":false},"content-type-builder":{"visible":false}},"attributes":{"name":{"type":"string","minLength":1,"required":true},"pathId":{"type":"integer","unique":true,"required":true},"parent":{"type":"relation","relation":"manyToOne","target":"plugin::upload.folder","inversedBy":"children"},"children":{"type":"relation","relation":"oneToMany","target":"plugin::upload.folder","mappedBy":"parent"},"files":{"type":"relation","relation":"oneToMany","target":"plugin::upload.file","mappedBy":"folder"},"path":{"type":"string","minLength":1,"required":true},"createdAt":{"type":"datetime"},"updatedAt":{"type":"datetime"},"publishedAt":{"type":"datetime","configurable":false,"writable":true,"visible":false},"createdBy":{"type":"relation","relation":"oneToOne","target":"admin::user","configurable":false,"writable":false,"visible":false,"useJoinTable":false,"private":true},"updatedBy":{"type":"relation","relation":"oneToOne","target":"admin::user","configurable":false,"writable":false,"visible":false,"useJoinTable":false,"private":true},"locale":{"writable":true,"private":true,"configurable":false,"visible":false,"type":"string"},"localizations":{"type":"relation","relation":"oneToMany","target":"plugin::upload.folder","writable":false,"private":true,"configurable":false,"visible":false,"unstable_virtual":true,"joinColumn":{"name":"document_id","referencedColumn":"document_id","referencedTable":"upload_folders"}}},"indexes":[{"name":"upload_folders_path_id_index","columns":["path_id"],"type":"unique"},{"name":"upload_folders_path_index","columns":["path"],"type":"unique"}],"plugin":"upload","globalId":"UploadFolder","uid":"plugin::upload.folder","modelType":"contentType","kind":"collectionType","__schema__":{"collectionName":"upload_folders","info":{"singularName":"folder","pluralName":"folders","displayName":"Folder"},"options":{},"pluginOptions":{"content-manager":{"visible":false},"content-type-builder":{"visible":false}},"attributes":{"name":{"type":"string","minLength":1,"required":true},"pathId":{"type":"integer","unique":true,"required":true},"parent":{"type":"relation","relation":"manyToOne","target":"plugin::upload.folder","inversedBy":"children"},"children":{"type":"relation","relation":"oneToMany","target":"plugin::upload.folder","mappedBy":"parent"},"files":{"type":"relation","relation":"oneToMany","target":"plugin::upload.file","mappedBy":"folder"},"path":{"type":"string","minLength":1,"required":true}},"kind":"collectionType"},"modelName":"folder"},"plugin::i18n.locale":{"info":{"singularName":"locale","pluralName":"locales","collectionName":"locales","displayName":"Locale","description":""},"options":{"draftAndPublish":false},"pluginOptions":{"content-manager":{"visible":false},"content-type-builder":{"visible":false}},"attributes":{"name":{"type":"string","min":1,"max":50,"configurable":false},"code":{"type":"string","unique":true,"configurable":false},"createdAt":{"type":"datetime"},"updatedAt":{"type":"datetime"},"publishedAt":{"type":"datetime","configurable":false,"writable":true,"visible":false},"createdBy":{"type":"relation","relation":"oneToOne","target":"admin::user","configurable":false,"writable":false,"visible":false,"useJoinTable":false,"private":true},"updatedBy":{"type":"relation","relation":"oneToOne","target":"admin::user","configurable":false,"writable":false,"visible":false,"useJoinTable":false,"private":true},"locale":{"writable":true,"private":true,"configurable":false,"visible":false,"type":"string"},"localizations":{"type":"relation","relation":"oneToMany","target":"plugin::i18n.locale","writable":false,"private":true,"configurable":false,"visible":false,"unstable_virtual":true,"joinColumn":{"name":"document_id","referencedColumn":"document_id","referencedTable":"i18n_locale"}}},"plugin":"i18n","collectionName":"i18n_locale","globalId":"I18NLocale","uid":"plugin::i18n.locale","modelType":"contentType","kind":"collectionType","__schema__":{"collectionName":"i18n_locale","info":{"singularName":"locale","pluralName":"locales","collectionName":"locales","displayName":"Locale","description":""},"options":{},"pluginOptions":{"content-manager":{"visible":false},"content-type-builder":{"visible":false}},"attributes":{"name":{"type":"string","min":1,"max":50,"configurable":false},"code":{"type":"string","unique":true,"configurable":false}},"kind":"collectionType"},"modelName":"locale"},"plugin::content-releases.release":{"collectionName":"strapi_releases","info":{"singularName":"release","pluralName":"releases","displayName":"Release"},"options":{"draftAndPublish":false},"pluginOptions":{"content-manager":{"visible":false},"content-type-builder":{"visible":false}},"attributes":{"name":{"type":"string","required":true},"releasedAt":{"type":"datetime"},"scheduledAt":{"type":"datetime"},"timezone":{"type":"string"},"status":{"type":"enumeration","enum":["ready","blocked","failed","done","empty"],"required":true},"actions":{"type":"relation","relation":"oneToMany","target":"plugin::content-releases.release-action","mappedBy":"release"},"createdAt":{"type":"datetime"},"updatedAt":{"type":"datetime"},"publishedAt":{"type":"datetime","configurable":false,"writable":true,"visible":false},"createdBy":{"type":"relation","relation":"oneToOne","target":"admin::user","configurable":false,"writable":false,"visible":false,"useJoinTable":false,"private":true},"updatedBy":{"type":"relation","relation":"oneToOne","target":"admin::user","configurable":false,"writable":false,"visible":false,"useJoinTable":false,"private":true},"locale":{"writable":true,"private":true,"configurable":false,"visible":false,"type":"string"},"localizations":{"type":"relation","relation":"oneToMany","target":"plugin::content-releases.release","writable":false,"private":true,"configurable":false,"visible":false,"unstable_virtual":true,"joinColumn":{"name":"document_id","referencedColumn":"document_id","referencedTable":"strapi_releases"}}},"plugin":"content-releases","globalId":"ContentReleasesRelease","uid":"plugin::content-releases.release","modelType":"contentType","kind":"collectionType","__schema__":{"collectionName":"strapi_releases","info":{"singularName":"release","pluralName":"releases","displayName":"Release"},"options":{"draftAndPublish":false},"pluginOptions":{"content-manager":{"visible":false},"content-type-builder":{"visible":false}},"attributes":{"name":{"type":"string","required":true},"releasedAt":{"type":"datetime"},"scheduledAt":{"type":"datetime"},"timezone":{"type":"string"},"status":{"type":"enumeration","enum":["ready","blocked","failed","done","empty"],"required":true},"actions":{"type":"relation","relation":"oneToMany","target":"plugin::content-releases.release-action","mappedBy":"release"}},"kind":"collectionType"},"modelName":"release"},"plugin::content-releases.release-action":{"collectionName":"strapi_release_actions","info":{"singularName":"release-action","pluralName":"release-actions","displayName":"Release Action"},"options":{"draftAndPublish":false},"pluginOptions":{"content-manager":{"visible":false},"content-type-builder":{"visible":false}},"attributes":{"type":{"type":"enumeration","enum":["publish","unpublish"],"required":true},"contentType":{"type":"string","required":true},"entryDocumentId":{"type":"string"},"locale":{"writable":true,"private":true,"configurable":false,"visible":false,"type":"string"},"release":{"type":"relation","relation":"manyToOne","target":"plugin::content-releases.release","inversedBy":"actions"},"isEntryValid":{"type":"boolean"},"createdAt":{"type":"datetime"},"updatedAt":{"type":"datetime"},"publishedAt":{"type":"datetime","configurable":false,"writable":true,"visible":false},"createdBy":{"type":"relation","relation":"oneToOne","target":"admin::user","configurable":false,"writable":false,"visible":false,"useJoinTable":false,"private":true},"updatedBy":{"type":"relation","relation":"oneToOne","target":"admin::user","configurable":false,"writable":false,"visible":false,"useJoinTable":false,"private":true},"localizations":{"type":"relation","relation":"oneToMany","target":"plugin::content-releases.release-action","writable":false,"private":true,"configurable":false,"visible":false,"unstable_virtual":true,"joinColumn":{"name":"document_id","referencedColumn":"document_id","referencedTable":"strapi_release_actions"}}},"plugin":"content-releases","globalId":"ContentReleasesReleaseAction","uid":"plugin::content-releases.release-action","modelType":"contentType","kind":"collectionType","__schema__":{"collectionName":"strapi_release_actions","info":{"singularName":"release-action","pluralName":"release-actions","displayName":"Release Action"},"options":{"draftAndPublish":false},"pluginOptions":{"content-manager":{"visible":false},"content-type-builder":{"visible":false}},"attributes":{"type":{"type":"enumeration","enum":["publish","unpublish"],"required":true},"contentType":{"type":"string","required":true},"entryDocumentId":{"type":"string"},"locale":{"type":"string"},"release":{"type":"relation","relation":"manyToOne","target":"plugin::content-releases.release","inversedBy":"actions"},"isEntryValid":{"type":"boolean"}},"kind":"collectionType"},"modelName":"release-action"},"plugin::review-workflows.workflow":{"collectionName":"strapi_workflows","info":{"name":"Workflow","description":"","singularName":"workflow","pluralName":"workflows","displayName":"Workflow"},"options":{"draftAndPublish":false},"pluginOptions":{"content-manager":{"visible":false},"content-type-builder":{"visible":false}},"attributes":{"name":{"type":"string","required":true,"unique":true},"stages":{"type":"relation","target":"plugin::review-workflows.workflow-stage","relation":"oneToMany","mappedBy":"workflow"},"stageRequiredToPublish":{"type":"relation","target":"plugin::review-workflows.workflow-stage","relation":"oneToOne","required":false},"contentTypes":{"type":"json","required":true,"default":"[]"},"createdAt":{"type":"datetime"},"updatedAt":{"type":"datetime"},"publishedAt":{"type":"datetime","configurable":false,"writable":true,"visible":false},"createdBy":{"type":"relation","relation":"oneToOne","target":"admin::user","configurable":false,"writable":false,"visible":false,"useJoinTable":false,"private":true},"updatedBy":{"type":"relation","relation":"oneToOne","target":"admin::user","configurable":false,"writable":false,"visible":false,"useJoinTable":false,"private":true},"locale":{"writable":true,"private":true,"configurable":false,"visible":false,"type":"string"},"localizations":{"type":"relation","relation":"oneToMany","target":"plugin::review-workflows.workflow","writable":false,"private":true,"configurable":false,"visible":false,"unstable_virtual":true,"joinColumn":{"name":"document_id","referencedColumn":"document_id","referencedTable":"strapi_workflows"}}},"plugin":"review-workflows","globalId":"ReviewWorkflowsWorkflow","uid":"plugin::review-workflows.workflow","modelType":"contentType","kind":"collectionType","__schema__":{"collectionName":"strapi_workflows","info":{"name":"Workflow","description":"","singularName":"workflow","pluralName":"workflows","displayName":"Workflow"},"options":{},"pluginOptions":{"content-manager":{"visible":false},"content-type-builder":{"visible":false}},"attributes":{"name":{"type":"string","required":true,"unique":true},"stages":{"type":"relation","target":"plugin::review-workflows.workflow-stage","relation":"oneToMany","mappedBy":"workflow"},"stageRequiredToPublish":{"type":"relation","target":"plugin::review-workflows.workflow-stage","relation":"oneToOne","required":false},"contentTypes":{"type":"json","required":true,"default":"[]"}},"kind":"collectionType"},"modelName":"workflow"},"plugin::review-workflows.workflow-stage":{"collectionName":"strapi_workflows_stages","info":{"name":"Workflow Stage","description":"","singularName":"workflow-stage","pluralName":"workflow-stages","displayName":"Stages"},"options":{"version":"1.1.0","draftAndPublish":false},"pluginOptions":{"content-manager":{"visible":false},"content-type-builder":{"visible":false}},"attributes":{"name":{"type":"string","configurable":false},"color":{"type":"string","configurable":false,"default":"#4945FF"},"workflow":{"type":"relation","target":"plugin::review-workflows.workflow","relation":"manyToOne","inversedBy":"stages","configurable":false},"permissions":{"type":"relation","target":"admin::permission","relation":"manyToMany","configurable":false},"createdAt":{"type":"datetime"},"updatedAt":{"type":"datetime"},"publishedAt":{"type":"datetime","configurable":false,"writable":true,"visible":false},"createdBy":{"type":"relation","relation":"oneToOne","target":"admin::user","configurable":false,"writable":false,"visible":false,"useJoinTable":false,"private":true},"updatedBy":{"type":"relation","relation":"oneToOne","target":"admin::user","configurable":false,"writable":false,"visible":false,"useJoinTable":false,"private":true},"locale":{"writable":true,"private":true,"configurable":false,"visible":false,"type":"string"},"localizations":{"type":"relation","relation":"oneToMany","target":"plugin::review-workflows.workflow-stage","writable":false,"private":true,"configurable":false,"visible":false,"unstable_virtual":true,"joinColumn":{"name":"document_id","referencedColumn":"document_id","referencedTable":"strapi_workflows_stages"}}},"plugin":"review-workflows","globalId":"ReviewWorkflowsWorkflowStage","uid":"plugin::review-workflows.workflow-stage","modelType":"contentType","kind":"collectionType","__schema__":{"collectionName":"strapi_workflows_stages","info":{"name":"Workflow Stage","description":"","singularName":"workflow-stage","pluralName":"workflow-stages","displayName":"Stages"},"options":{"version":"1.1.0"},"pluginOptions":{"content-manager":{"visible":false},"content-type-builder":{"visible":false}},"attributes":{"name":{"type":"string","configurable":false},"color":{"type":"string","configurable":false,"default":"#4945FF"},"workflow":{"type":"relation","target":"plugin::review-workflows.workflow","relation":"manyToOne","inversedBy":"stages","configurable":false},"permissions":{"type":"relation","target":"admin::permission","relation":"manyToMany","configurable":false}},"kind":"collectionType"},"modelName":"workflow-stage"},"plugin::users-permissions.permission":{"collectionName":"up_permissions","info":{"name":"permission","description":"","singularName":"permission","pluralName":"permissions","displayName":"Permission"},"pluginOptions":{"content-manager":{"visible":false},"content-type-builder":{"visible":false}},"attributes":{"action":{"type":"string","required":true,"configurable":false},"role":{"type":"relation","relation":"manyToOne","target":"plugin::users-permissions.role","inversedBy":"permissions","configurable":false},"createdAt":{"type":"datetime"},"updatedAt":{"type":"datetime"},"publishedAt":{"type":"datetime","configurable":false,"writable":true,"visible":false},"createdBy":{"type":"relation","relation":"oneToOne","target":"admin::user","configurable":false,"writable":false,"visible":false,"useJoinTable":false,"private":true},"updatedBy":{"type":"relation","relation":"oneToOne","target":"admin::user","configurable":false,"writable":false,"visible":false,"useJoinTable":false,"private":true},"locale":{"writable":true,"private":true,"configurable":false,"visible":false,"type":"string"},"localizations":{"type":"relation","relation":"oneToMany","target":"plugin::users-permissions.permission","writable":false,"private":true,"configurable":false,"visible":false,"unstable_virtual":true,"joinColumn":{"name":"document_id","referencedColumn":"document_id","referencedTable":"up_permissions"}}},"plugin":"users-permissions","globalId":"UsersPermissionsPermission","uid":"plugin::users-permissions.permission","modelType":"contentType","kind":"collectionType","__schema__":{"collectionName":"up_permissions","info":{"name":"permission","description":"","singularName":"permission","pluralName":"permissions","displayName":"Permission"},"pluginOptions":{"content-manager":{"visible":false},"content-type-builder":{"visible":false}},"attributes":{"action":{"type":"string","required":true,"configurable":false},"role":{"type":"relation","relation":"manyToOne","target":"plugin::users-permissions.role","inversedBy":"permissions","configurable":false}},"kind":"collectionType"},"modelName":"permission","options":{"draftAndPublish":false}},"plugin::users-permissions.role":{"collectionName":"up_roles","info":{"name":"role","description":"","singularName":"role","pluralName":"roles","displayName":"Role"},"pluginOptions":{"content-manager":{"visible":false},"content-type-builder":{"visible":false}},"attributes":{"name":{"type":"string","minLength":3,"required":true,"configurable":false},"description":{"type":"string","configurable":false},"type":{"type":"string","unique":true,"configurable":false},"permissions":{"type":"relation","relation":"oneToMany","target":"plugin::users-permissions.permission","mappedBy":"role","configurable":false},"users":{"type":"relation","relation":"oneToMany","target":"plugin::users-permissions.user","mappedBy":"role","configurable":false},"createdAt":{"type":"datetime"},"updatedAt":{"type":"datetime"},"publishedAt":{"type":"datetime","configurable":false,"writable":true,"visible":false},"createdBy":{"type":"relation","relation":"oneToOne","target":"admin::user","configurable":false,"writable":false,"visible":false,"useJoinTable":false,"private":true},"updatedBy":{"type":"relation","relation":"oneToOne","target":"admin::user","configurable":false,"writable":false,"visible":false,"useJoinTable":false,"private":true},"locale":{"writable":true,"private":true,"configurable":false,"visible":false,"type":"string"},"localizations":{"type":"relation","relation":"oneToMany","target":"plugin::users-permissions.role","writable":false,"private":true,"configurable":false,"visible":false,"unstable_virtual":true,"joinColumn":{"name":"document_id","referencedColumn":"document_id","referencedTable":"up_roles"}}},"plugin":"users-permissions","globalId":"UsersPermissionsRole","uid":"plugin::users-permissions.role","modelType":"contentType","kind":"collectionType","__schema__":{"collectionName":"up_roles","info":{"name":"role","description":"","singularName":"role","pluralName":"roles","displayName":"Role"},"pluginOptions":{"content-manager":{"visible":false},"content-type-builder":{"visible":false}},"attributes":{"name":{"type":"string","minLength":3,"required":true,"configurable":false},"description":{"type":"string","configurable":false},"type":{"type":"string","unique":true,"configurable":false},"permissions":{"type":"relation","relation":"oneToMany","target":"plugin::users-permissions.permission","mappedBy":"role","configurable":false},"users":{"type":"relation","relation":"oneToMany","target":"plugin::users-permissions.user","mappedBy":"role","configurable":false}},"kind":"collectionType"},"modelName":"role","options":{"draftAndPublish":false}},"plugin::users-permissions.user":{"collectionName":"up_users","info":{"name":"user","description":"","singularName":"user","pluralName":"users","displayName":"User"},"options":{"timestamps":true,"draftAndPublish":false},"attributes":{"username":{"type":"string","minLength":3,"unique":true,"configurable":false,"required":true},"email":{"type":"email","minLength":6,"configurable":false,"required":true},"provider":{"type":"string","configurable":false},"password":{"type":"password","minLength":6,"configurable":false,"private":true,"searchable":false},"resetPasswordToken":{"type":"string","configurable":false,"private":true,"searchable":false},"confirmationToken":{"type":"string","configurable":false,"private":true,"searchable":false},"confirmed":{"type":"boolean","default":false,"configurable":false},"blocked":{"type":"boolean","default":false,"configurable":false},"role":{"type":"relation","relation":"manyToOne","target":"plugin::users-permissions.role","inversedBy":"users","configurable":false},"createdAt":{"type":"datetime"},"updatedAt":{"type":"datetime"},"publishedAt":{"type":"datetime","configurable":false,"writable":true,"visible":false},"createdBy":{"type":"relation","relation":"oneToOne","target":"admin::user","configurable":false,"writable":false,"visible":false,"useJoinTable":false,"private":true},"updatedBy":{"type":"relation","relation":"oneToOne","target":"admin::user","configurable":false,"writable":false,"visible":false,"useJoinTable":false,"private":true},"locale":{"writable":true,"private":true,"configurable":false,"visible":false,"type":"string"},"localizations":{"type":"relation","relation":"oneToMany","target":"plugin::users-permissions.user","writable":false,"private":true,"configurable":false,"visible":false,"unstable_virtual":true,"joinColumn":{"name":"document_id","referencedColumn":"document_id","referencedTable":"up_users"}}},"config":{"attributes":{"resetPasswordToken":{"hidden":true},"confirmationToken":{"hidden":true},"provider":{"hidden":true}}},"plugin":"users-permissions","globalId":"UsersPermissionsUser","uid":"plugin::users-permissions.user","modelType":"contentType","kind":"collectionType","__schema__":{"collectionName":"up_users","info":{"name":"user","description":"","singularName":"user","pluralName":"users","displayName":"User"},"options":{"timestamps":true},"attributes":{"username":{"type":"string","minLength":3,"unique":true,"configurable":false,"required":true},"email":{"type":"email","minLength":6,"configurable":false,"required":true},"provider":{"type":"string","configurable":false},"password":{"type":"password","minLength":6,"configurable":false,"private":true,"searchable":false},"resetPasswordToken":{"type":"string","configurable":false,"private":true,"searchable":false},"confirmationToken":{"type":"string","configurable":false,"private":true,"searchable":false},"confirmed":{"type":"boolean","default":false,"configurable":false},"blocked":{"type":"boolean","default":false,"configurable":false},"role":{"type":"relation","relation":"manyToOne","target":"plugin::users-permissions.role","inversedBy":"users","configurable":false}},"kind":"collectionType"},"modelName":"user"},"api::amigurumi.amigurumi":{"kind":"singleType","collectionName":"amigurumis","info":{"singularName":"amigurumi","pluralName":"amigurumis","displayName":"Amigurumi","description":""},"options":{"draftAndPublish":true},"pluginOptions":{},"attributes":{"Text":{"type":"text"},"Title":{"type":"string"},"Photo":{"allowedTypes":["images","files","videos","audios"],"type":"media","multiple":false},"createdAt":{"type":"datetime"},"updatedAt":{"type":"datetime"},"publishedAt":{"type":"datetime","configurable":false,"writable":true,"visible":false},"createdBy":{"type":"relation","relation":"oneToOne","target":"admin::user","configurable":false,"writable":false,"visible":false,"useJoinTable":false,"private":true},"updatedBy":{"type":"relation","relation":"oneToOne","target":"admin::user","configurable":false,"writable":false,"visible":false,"useJoinTable":false,"private":true},"locale":{"writable":true,"private":true,"configurable":false,"visible":false,"type":"string"},"localizations":{"type":"relation","relation":"oneToMany","target":"api::amigurumi.amigurumi","writable":false,"private":true,"configurable":false,"visible":false,"unstable_virtual":true,"joinColumn":{"name":"document_id","referencedColumn":"document_id","referencedTable":"amigurumis"}}},"apiName":"amigurumi","globalId":"Amigurumi","uid":"api::amigurumi.amigurumi","modelType":"contentType","__schema__":{"collectionName":"amigurumis","info":{"singularName":"amigurumi","pluralName":"amigurumis","displayName":"Amigurumi","description":""},"options":{"draftAndPublish":true},"pluginOptions":{},"attributes":{"Text":{"type":"text"},"Title":{"type":"string"},"Photo":{"allowedTypes":["images","files","videos","audios"],"type":"media","multiple":false}},"kind":"singleType"},"modelName":"amigurumi","actions":{},"lifecycles":{}},"api::hero.hero":{"kind":"collectionType","collectionName":"heroes","info":{"singularName":"hero","pluralName":"heroes","displayName":"Hero","description":""},"options":{"draftAndPublish":true},"pluginOptions":{},"attributes":{"title":{"type":"string"},"description":{"type":"richtext"},"button":{"type":"string"},"hero_image":{"allowedTypes":["images","files","videos","audios"],"type":"media","multiple":false},"createdAt":{"type":"datetime"},"updatedAt":{"type":"datetime"},"publishedAt":{"type":"datetime","configurable":false,"writable":true,"visible":false},"createdBy":{"type":"relation","relation":"oneToOne","target":"admin::user","configurable":false,"writable":false,"visible":false,"useJoinTable":false,"private":true},"updatedBy":{"type":"relation","relation":"oneToOne","target":"admin::user","configurable":false,"writable":false,"visible":false,"useJoinTable":false,"private":true},"locale":{"writable":true,"private":true,"configurable":false,"visible":false,"type":"string"},"localizations":{"type":"relation","relation":"oneToMany","target":"api::hero.hero","writable":false,"private":true,"configurable":false,"visible":false,"unstable_virtual":true,"joinColumn":{"name":"document_id","referencedColumn":"document_id","referencedTable":"heroes"}}},"apiName":"hero","globalId":"Hero","uid":"api::hero.hero","modelType":"contentType","__schema__":{"collectionName":"heroes","info":{"singularName":"hero","pluralName":"heroes","displayName":"Hero","description":""},"options":{"draftAndPublish":true},"pluginOptions":{},"attributes":{"title":{"type":"string"},"description":{"type":"richtext"},"button":{"type":"string"},"hero_image":{"allowedTypes":["images","files","videos","audios"],"type":"media","multiple":false}},"kind":"collectionType"},"modelName":"hero","actions":{},"lifecycles":{}},"api::mintak.mintak":{"kind":"collectionType","collectionName":"mintaks","info":{"singularName":"mintak","pluralName":"mintaks","displayName":"Minták","description":""},"options":{"draftAndPublish":true},"pluginOptions":{},"attributes":{"title":{"type":"string","required":true},"slug":{"type":"string","required":true,"unique":true},"leiras":{"type":"richtext"},"bovebben":{"type":"richtext","required":true},"image":{"allowedTypes":["images","files","videos","audios"],"type":"media","multiple":true,"required":true},"createdAt":{"type":"datetime"},"updatedAt":{"type":"datetime"},"publishedAt":{"type":"datetime","configurable":false,"writable":true,"visible":false},"createdBy":{"type":"relation","relation":"oneToOne","target":"admin::user","configurable":false,"writable":false,"visible":false,"useJoinTable":false,"private":true},"updatedBy":{"type":"relation","relation":"oneToOne","target":"admin::user","configurable":false,"writable":false,"visible":false,"useJoinTable":false,"private":true},"locale":{"writable":true,"private":true,"configurable":false,"visible":false,"type":"string"},"localizations":{"type":"relation","relation":"oneToMany","target":"api::mintak.mintak","writable":false,"private":true,"configurable":false,"visible":false,"unstable_virtual":true,"joinColumn":{"name":"document_id","referencedColumn":"document_id","referencedTable":"mintaks"}}},"apiName":"mintak","globalId":"Mintak","uid":"api::mintak.mintak","modelType":"contentType","__schema__":{"collectionName":"mintaks","info":{"singularName":"mintak","pluralName":"mintaks","displayName":"Minták","description":""},"options":{"draftAndPublish":true},"pluginOptions":{},"attributes":{"title":{"type":"string","required":true},"slug":{"type":"string","required":true,"unique":true},"leiras":{"type":"richtext"},"bovebben":{"type":"richtext","required":true},"image":{"allowedTypes":["images","files","videos","audios"],"type":"media","multiple":true,"required":true}},"kind":"collectionType"},"modelName":"mintak","actions":{},"lifecycles":{}},"api::navitem.navitem":{"kind":"collectionType","collectionName":"navitems","info":{"singularName":"navitem","pluralName":"navitems","displayName":"Navitem"},"options":{"draftAndPublish":true},"pluginOptions":{},"attributes":{"name":{"type":"string"},"slug":{"type":"string"},"order":{"type":"integer"},"createdAt":{"type":"datetime"},"updatedAt":{"type":"datetime"},"publishedAt":{"type":"datetime","configurable":false,"writable":true,"visible":false},"createdBy":{"type":"relation","relation":"oneToOne","target":"admin::user","configurable":false,"writable":false,"visible":false,"useJoinTable":false,"private":true},"updatedBy":{"type":"relation","relation":"oneToOne","target":"admin::user","configurable":false,"writable":false,"visible":false,"useJoinTable":false,"private":true},"locale":{"writable":true,"private":true,"configurable":false,"visible":false,"type":"string"},"localizations":{"type":"relation","relation":"oneToMany","target":"api::navitem.navitem","writable":false,"private":true,"configurable":false,"visible":false,"unstable_virtual":true,"joinColumn":{"name":"document_id","referencedColumn":"document_id","referencedTable":"navitems"}}},"apiName":"navitem","globalId":"Navitem","uid":"api::navitem.navitem","modelType":"contentType","__schema__":{"collectionName":"navitems","info":{"singularName":"navitem","pluralName":"navitems","displayName":"Navitem"},"options":{"draftAndPublish":true},"pluginOptions":{},"attributes":{"name":{"type":"string"},"slug":{"type":"string"},"order":{"type":"integer"}},"kind":"collectionType"},"modelName":"navitem","actions":{},"lifecycles":{}},"api::welcome.welcome":{"kind":"singleType","collectionName":"welcomes","info":{"singularName":"welcome","pluralName":"welcomes","displayName":"Welcome","description":""},"options":{"draftAndPublish":true},"pluginOptions":{},"attributes":{"header":{"type":"string"},"paragraph_1":{"type":"string"},"paragraph_2":{"type":"string"},"question_1":{"type":"string"},"paragraph_3":{"type":"string"},"question_2":{"type":"string"},"paragraph_4":{"type":"string"},"paragraph_5":{"type":"string"},"paragraph_6":{"type":"string"},"greetingPrefix":{"type":"string"},"highlightedText":{"type":"string"},"greetingSuffix":{"type":"string"},"createdAt":{"type":"datetime"},"updatedAt":{"type":"datetime"},"publishedAt":{"type":"datetime","configurable":false,"writable":true,"visible":false},"createdBy":{"type":"relation","relation":"oneToOne","target":"admin::user","configurable":false,"writable":false,"visible":false,"useJoinTable":false,"private":true},"updatedBy":{"type":"relation","relation":"oneToOne","target":"admin::user","configurable":false,"writable":false,"visible":false,"useJoinTable":false,"private":true},"locale":{"writable":true,"private":true,"configurable":false,"visible":false,"type":"string"},"localizations":{"type":"relation","relation":"oneToMany","target":"api::welcome.welcome","writable":false,"private":true,"configurable":false,"visible":false,"unstable_virtual":true,"joinColumn":{"name":"document_id","referencedColumn":"document_id","referencedTable":"welcomes"}}},"apiName":"welcome","globalId":"Welcome","uid":"api::welcome.welcome","modelType":"contentType","__schema__":{"collectionName":"welcomes","info":{"singularName":"welcome","pluralName":"welcomes","displayName":"Welcome","description":""},"options":{"draftAndPublish":true},"pluginOptions":{},"attributes":{"header":{"type":"string"},"paragraph_1":{"type":"string"},"paragraph_2":{"type":"string"},"question_1":{"type":"string"},"paragraph_3":{"type":"string"},"question_2":{"type":"string"},"paragraph_4":{"type":"string"},"paragraph_5":{"type":"string"},"paragraph_6":{"type":"string"},"greetingPrefix":{"type":"string"},"highlightedText":{"type":"string"},"greetingSuffix":{"type":"string"}},"kind":"singleType"},"modelName":"welcome","actions":{},"lifecycles":{}},"admin::permission":{"collectionName":"admin_permissions","info":{"name":"Permission","description":"","singularName":"permission","pluralName":"permissions","displayName":"Permission"},"options":{"draftAndPublish":false},"pluginOptions":{"content-manager":{"visible":false},"content-type-builder":{"visible":false}},"attributes":{"action":{"type":"string","minLength":1,"configurable":false,"required":true},"actionParameters":{"type":"json","configurable":false,"required":false,"default":{}},"subject":{"type":"string","minLength":1,"configurable":false,"required":false},"properties":{"type":"json","configurable":false,"required":false,"default":{}},"conditions":{"type":"json","configurable":false,"required":false,"default":[]},"role":{"configurable":false,"type":"relation","relation":"manyToOne","inversedBy":"permissions","target":"admin::role"},"createdAt":{"type":"datetime"},"updatedAt":{"type":"datetime"},"publishedAt":{"type":"datetime","configurable":false,"writable":true,"visible":false},"createdBy":{"type":"relation","relation":"oneToOne","target":"admin::user","configurable":false,"writable":false,"visible":false,"useJoinTable":false,"private":true},"updatedBy":{"type":"relation","relation":"oneToOne","target":"admin::user","configurable":false,"writable":false,"visible":false,"useJoinTable":false,"private":true},"locale":{"writable":true,"private":true,"configurable":false,"visible":false,"type":"string"},"localizations":{"type":"relation","relation":"oneToMany","target":"admin::permission","writable":false,"private":true,"configurable":false,"visible":false,"unstable_virtual":true,"joinColumn":{"name":"document_id","referencedColumn":"document_id","referencedTable":"admin_permissions"}}},"plugin":"admin","globalId":"AdminPermission","uid":"admin::permission","modelType":"contentType","kind":"collectionType","__schema__":{"collectionName":"admin_permissions","info":{"name":"Permission","description":"","singularName":"permission","pluralName":"permissions","displayName":"Permission"},"options":{},"pluginOptions":{"content-manager":{"visible":false},"content-type-builder":{"visible":false}},"attributes":{"action":{"type":"string","minLength":1,"configurable":false,"required":true},"actionParameters":{"type":"json","configurable":false,"required":false,"default":{}},"subject":{"type":"string","minLength":1,"configurable":false,"required":false},"properties":{"type":"json","configurable":false,"required":false,"default":{}},"conditions":{"type":"json","configurable":false,"required":false,"default":[]},"role":{"configurable":false,"type":"relation","relation":"manyToOne","inversedBy":"permissions","target":"admin::role"}},"kind":"collectionType"},"modelName":"permission"},"admin::user":{"collectionName":"admin_users","info":{"name":"User","description":"","singularName":"user","pluralName":"users","displayName":"User"},"pluginOptions":{"content-manager":{"visible":false},"content-type-builder":{"visible":false}},"attributes":{"firstname":{"type":"string","unique":false,"minLength":1,"configurable":false,"required":false},"lastname":{"type":"string","unique":false,"minLength":1,"configurable":false,"required":false},"username":{"type":"string","unique":false,"configurable":false,"required":false},"email":{"type":"email","minLength":6,"configurable":false,"required":true,"unique":true,"private":true},"password":{"type":"password","minLength":6,"configurable":false,"required":false,"private":true,"searchable":false},"resetPasswordToken":{"type":"string","configurable":false,"private":true,"searchable":false},"registrationToken":{"type":"string","configurable":false,"private":true,"searchable":false},"isActive":{"type":"boolean","default":false,"configurable":false,"private":true},"roles":{"configurable":false,"private":true,"type":"relation","relation":"manyToMany","inversedBy":"users","target":"admin::role","collectionName":"strapi_users_roles"},"blocked":{"type":"boolean","default":false,"configurable":false,"private":true},"preferedLanguage":{"type":"string","configurable":false,"required":false,"searchable":false},"createdAt":{"type":"datetime"},"updatedAt":{"type":"datetime"},"publishedAt":{"type":"datetime","configurable":false,"writable":true,"visible":false},"createdBy":{"type":"relation","relation":"oneToOne","target":"admin::user","configurable":false,"writable":false,"visible":false,"useJoinTable":false,"private":true},"updatedBy":{"type":"relation","relation":"oneToOne","target":"admin::user","configurable":false,"writable":false,"visible":false,"useJoinTable":false,"private":true},"locale":{"writable":true,"private":true,"configurable":false,"visible":false,"type":"string"},"localizations":{"type":"relation","relation":"oneToMany","target":"admin::user","writable":false,"private":true,"configurable":false,"visible":false,"unstable_virtual":true,"joinColumn":{"name":"document_id","referencedColumn":"document_id","referencedTable":"admin_users"}}},"config":{"attributes":{"resetPasswordToken":{"hidden":true},"registrationToken":{"hidden":true}}},"plugin":"admin","globalId":"AdminUser","uid":"admin::user","modelType":"contentType","kind":"collectionType","__schema__":{"collectionName":"admin_users","info":{"name":"User","description":"","singularName":"user","pluralName":"users","displayName":"User"},"pluginOptions":{"content-manager":{"visible":false},"content-type-builder":{"visible":false}},"attributes":{"firstname":{"type":"string","unique":false,"minLength":1,"configurable":false,"required":false},"lastname":{"type":"string","unique":false,"minLength":1,"configurable":false,"required":false},"username":{"type":"string","unique":false,"configurable":false,"required":false},"email":{"type":"email","minLength":6,"configurable":false,"required":true,"unique":true,"private":true},"password":{"type":"password","minLength":6,"configurable":false,"required":false,"private":true,"searchable":false},"resetPasswordToken":{"type":"string","configurable":false,"private":true,"searchable":false},"registrationToken":{"type":"string","configurable":false,"private":true,"searchable":false},"isActive":{"type":"boolean","default":false,"configurable":false,"private":true},"roles":{"configurable":false,"private":true,"type":"relation","relation":"manyToMany","inversedBy":"users","target":"admin::role","collectionName":"strapi_users_roles"},"blocked":{"type":"boolean","default":false,"configurable":false,"private":true},"preferedLanguage":{"type":"string","configurable":false,"required":false,"searchable":false}},"kind":"collectionType"},"modelName":"user","options":{"draftAndPublish":false}},"admin::role":{"collectionName":"admin_roles","info":{"name":"Role","description":"","singularName":"role","pluralName":"roles","displayName":"Role"},"options":{"draftAndPublish":false},"pluginOptions":{"content-manager":{"visible":false},"content-type-builder":{"visible":false}},"attributes":{"name":{"type":"string","minLength":1,"unique":true,"configurable":false,"required":true},"code":{"type":"string","minLength":1,"unique":true,"configurable":false,"required":true},"description":{"type":"string","configurable":false},"users":{"configurable":false,"type":"relation","relation":"manyToMany","mappedBy":"roles","target":"admin::user"},"permissions":{"configurable":false,"type":"relation","relation":"oneToMany","mappedBy":"role","target":"admin::permission"},"createdAt":{"type":"datetime"},"updatedAt":{"type":"datetime"},"publishedAt":{"type":"datetime","configurable":false,"writable":true,"visible":false},"createdBy":{"type":"relation","relation":"oneToOne","target":"admin::user","configurable":false,"writable":false,"visible":false,"useJoinTable":false,"private":true},"updatedBy":{"type":"relation","relation":"oneToOne","target":"admin::user","configurable":false,"writable":false,"visible":false,"useJoinTable":false,"private":true},"locale":{"writable":true,"private":true,"configurable":false,"visible":false,"type":"string"},"localizations":{"type":"relation","relation":"oneToMany","target":"admin::role","writable":false,"private":true,"configurable":false,"visible":false,"unstable_virtual":true,"joinColumn":{"name":"document_id","referencedColumn":"document_id","referencedTable":"admin_roles"}}},"plugin":"admin","globalId":"AdminRole","uid":"admin::role","modelType":"contentType","kind":"collectionType","__schema__":{"collectionName":"admin_roles","info":{"name":"Role","description":"","singularName":"role","pluralName":"roles","displayName":"Role"},"options":{},"pluginOptions":{"content-manager":{"visible":false},"content-type-builder":{"visible":false}},"attributes":{"name":{"type":"string","minLength":1,"unique":true,"configurable":false,"required":true},"code":{"type":"string","minLength":1,"unique":true,"configurable":false,"required":true},"description":{"type":"string","configurable":false},"users":{"configurable":false,"type":"relation","relation":"manyToMany","mappedBy":"roles","target":"admin::user"},"permissions":{"configurable":false,"type":"relation","relation":"oneToMany","mappedBy":"role","target":"admin::permission"}},"kind":"collectionType"},"modelName":"role"},"admin::api-token":{"collectionName":"strapi_api_tokens","info":{"name":"Api Token","singularName":"api-token","pluralName":"api-tokens","displayName":"Api Token","description":""},"options":{"draftAndPublish":false},"pluginOptions":{"content-manager":{"visible":false},"content-type-builder":{"visible":false}},"attributes":{"name":{"type":"string","minLength":1,"configurable":false,"required":true,"unique":true},"description":{"type":"string","minLength":1,"configurable":false,"required":false,"default":""},"type":{"type":"enumeration","enum":["read-only","full-access","custom"],"configurable":false,"required":true,"default":"read-only"},"accessKey":{"type":"string","minLength":1,"configurable":false,"required":true,"searchable":false},"lastUsedAt":{"type":"datetime","configurable":false,"required":false},"permissions":{"type":"relation","target":"admin::api-token-permission","relation":"oneToMany","mappedBy":"token","configurable":false,"required":false},"expiresAt":{"type":"datetime","configurable":false,"required":false},"lifespan":{"type":"biginteger","configurable":false,"required":false},"createdAt":{"type":"datetime"},"updatedAt":{"type":"datetime"},"publishedAt":{"type":"datetime","configurable":false,"writable":true,"visible":false},"createdBy":{"type":"relation","relation":"oneToOne","target":"admin::user","configurable":false,"writable":false,"visible":false,"useJoinTable":false,"private":true},"updatedBy":{"type":"relation","relation":"oneToOne","target":"admin::user","configurable":false,"writable":false,"visible":false,"useJoinTable":false,"private":true},"locale":{"writable":true,"private":true,"configurable":false,"visible":false,"type":"string"},"localizations":{"type":"relation","relation":"oneToMany","target":"admin::api-token","writable":false,"private":true,"configurable":false,"visible":false,"unstable_virtual":true,"joinColumn":{"name":"document_id","referencedColumn":"document_id","referencedTable":"strapi_api_tokens"}}},"plugin":"admin","globalId":"AdminApiToken","uid":"admin::api-token","modelType":"contentType","kind":"collectionType","__schema__":{"collectionName":"strapi_api_tokens","info":{"name":"Api Token","singularName":"api-token","pluralName":"api-tokens","displayName":"Api Token","description":""},"options":{},"pluginOptions":{"content-manager":{"visible":false},"content-type-builder":{"visible":false}},"attributes":{"name":{"type":"string","minLength":1,"configurable":false,"required":true,"unique":true},"description":{"type":"string","minLength":1,"configurable":false,"required":false,"default":""},"type":{"type":"enumeration","enum":["read-only","full-access","custom"],"configurable":false,"required":true,"default":"read-only"},"accessKey":{"type":"string","minLength":1,"configurable":false,"required":true,"searchable":false},"lastUsedAt":{"type":"datetime","configurable":false,"required":false},"permissions":{"type":"relation","target":"admin::api-token-permission","relation":"oneToMany","mappedBy":"token","configurable":false,"required":false},"expiresAt":{"type":"datetime","configurable":false,"required":false},"lifespan":{"type":"biginteger","configurable":false,"required":false}},"kind":"collectionType"},"modelName":"api-token"},"admin::api-token-permission":{"collectionName":"strapi_api_token_permissions","info":{"name":"API Token Permission","description":"","singularName":"api-token-permission","pluralName":"api-token-permissions","displayName":"API Token Permission"},"options":{"draftAndPublish":false},"pluginOptions":{"content-manager":{"visible":false},"content-type-builder":{"visible":false}},"attributes":{"action":{"type":"string","minLength":1,"configurable":false,"required":true},"token":{"configurable":false,"type":"relation","relation":"manyToOne","inversedBy":"permissions","target":"admin::api-token"},"createdAt":{"type":"datetime"},"updatedAt":{"type":"datetime"},"publishedAt":{"type":"datetime","configurable":false,"writable":true,"visible":false},"createdBy":{"type":"relation","relation":"oneToOne","target":"admin::user","configurable":false,"writable":false,"visible":false,"useJoinTable":false,"private":true},"updatedBy":{"type":"relation","relation":"oneToOne","target":"admin::user","configurable":false,"writable":false,"visible":false,"useJoinTable":false,"private":true},"locale":{"writable":true,"private":true,"configurable":false,"visible":false,"type":"string"},"localizations":{"type":"relation","relation":"oneToMany","target":"admin::api-token-permission","writable":false,"private":true,"configurable":false,"visible":false,"unstable_virtual":true,"joinColumn":{"name":"document_id","referencedColumn":"document_id","referencedTable":"strapi_api_token_permissions"}}},"plugin":"admin","globalId":"AdminApiTokenPermission","uid":"admin::api-token-permission","modelType":"contentType","kind":"collectionType","__schema__":{"collectionName":"strapi_api_token_permissions","info":{"name":"API Token Permission","description":"","singularName":"api-token-permission","pluralName":"api-token-permissions","displayName":"API Token Permission"},"options":{},"pluginOptions":{"content-manager":{"visible":false},"content-type-builder":{"visible":false}},"attributes":{"action":{"type":"string","minLength":1,"configurable":false,"required":true},"token":{"configurable":false,"type":"relation","relation":"manyToOne","inversedBy":"permissions","target":"admin::api-token"}},"kind":"collectionType"},"modelName":"api-token-permission"},"admin::transfer-token":{"collectionName":"strapi_transfer_tokens","info":{"name":"Transfer Token","singularName":"transfer-token","pluralName":"transfer-tokens","displayName":"Transfer Token","description":""},"options":{"draftAndPublish":false},"pluginOptions":{"content-manager":{"visible":false},"content-type-builder":{"visible":false}},"attributes":{"name":{"type":"string","minLength":1,"configurable":false,"required":true,"unique":true},"description":{"type":"string","minLength":1,"configurable":false,"required":false,"default":""},"accessKey":{"type":"string","minLength":1,"configurable":false,"required":true},"lastUsedAt":{"type":"datetime","configurable":false,"required":false},"permissions":{"type":"relation","target":"admin::transfer-token-permission","relation":"oneToMany","mappedBy":"token","configurable":false,"required":false},"expiresAt":{"type":"datetime","configurable":false,"required":false},"lifespan":{"type":"biginteger","configurable":false,"required":false},"createdAt":{"type":"datetime"},"updatedAt":{"type":"datetime"},"publishedAt":{"type":"datetime","configurable":false,"writable":true,"visible":false},"createdBy":{"type":"relation","relation":"oneToOne","target":"admin::user","configurable":false,"writable":false,"visible":false,"useJoinTable":false,"private":true},"updatedBy":{"type":"relation","relation":"oneToOne","target":"admin::user","configurable":false,"writable":false,"visible":false,"useJoinTable":false,"private":true},"locale":{"writable":true,"private":true,"configurable":false,"visible":false,"type":"string"},"localizations":{"type":"relation","relation":"oneToMany","target":"admin::transfer-token","writable":false,"private":true,"configurable":false,"visible":false,"unstable_virtual":true,"joinColumn":{"name":"document_id","referencedColumn":"document_id","referencedTable":"strapi_transfer_tokens"}}},"plugin":"admin","globalId":"AdminTransferToken","uid":"admin::transfer-token","modelType":"contentType","kind":"collectionType","__schema__":{"collectionName":"strapi_transfer_tokens","info":{"name":"Transfer Token","singularName":"transfer-token","pluralName":"transfer-tokens","displayName":"Transfer Token","description":""},"options":{},"pluginOptions":{"content-manager":{"visible":false},"content-type-builder":{"visible":false}},"attributes":{"name":{"type":"string","minLength":1,"configurable":false,"required":true,"unique":true},"description":{"type":"string","minLength":1,"configurable":false,"required":false,"default":""},"accessKey":{"type":"string","minLength":1,"configurable":false,"required":true},"lastUsedAt":{"type":"datetime","configurable":false,"required":false},"permissions":{"type":"relation","target":"admin::transfer-token-permission","relation":"oneToMany","mappedBy":"token","configurable":false,"required":false},"expiresAt":{"type":"datetime","configurable":false,"required":false},"lifespan":{"type":"biginteger","configurable":false,"required":false}},"kind":"collectionType"},"modelName":"transfer-token"},"admin::transfer-token-permission":{"collectionName":"strapi_transfer_token_permissions","info":{"name":"Transfer Token Permission","description":"","singularName":"transfer-token-permission","pluralName":"transfer-token-permissions","displayName":"Transfer Token Permission"},"options":{"draftAndPublish":false},"pluginOptions":{"content-manager":{"visible":false},"content-type-builder":{"visible":false}},"attributes":{"action":{"type":"string","minLength":1,"configurable":false,"required":true},"token":{"configurable":false,"type":"relation","relation":"manyToOne","inversedBy":"permissions","target":"admin::transfer-token"},"createdAt":{"type":"datetime"},"updatedAt":{"type":"datetime"},"publishedAt":{"type":"datetime","configurable":false,"writable":true,"visible":false},"createdBy":{"type":"relation","relation":"oneToOne","target":"admin::user","configurable":false,"writable":false,"visible":false,"useJoinTable":false,"private":true},"updatedBy":{"type":"relation","relation":"oneToOne","target":"admin::user","configurable":false,"writable":false,"visible":false,"useJoinTable":false,"private":true},"locale":{"writable":true,"private":true,"configurable":false,"visible":false,"type":"string"},"localizations":{"type":"relation","relation":"oneToMany","target":"admin::transfer-token-permission","writable":false,"private":true,"configurable":false,"visible":false,"unstable_virtual":true,"joinColumn":{"name":"document_id","referencedColumn":"document_id","referencedTable":"strapi_transfer_token_permissions"}}},"plugin":"admin","globalId":"AdminTransferTokenPermission","uid":"admin::transfer-token-permission","modelType":"contentType","kind":"collectionType","__schema__":{"collectionName":"strapi_transfer_token_permissions","info":{"name":"Transfer Token Permission","description":"","singularName":"transfer-token-permission","pluralName":"transfer-token-permissions","displayName":"Transfer Token Permission"},"options":{},"pluginOptions":{"content-manager":{"visible":false},"content-type-builder":{"visible":false}},"attributes":{"action":{"type":"string","minLength":1,"configurable":false,"required":true},"token":{"configurable":false,"type":"relation","relation":"manyToOne","inversedBy":"permissions","target":"admin::transfer-token"}},"kind":"collectionType"},"modelName":"transfer-token-permission"}}', 'object', NULL, NULL),
	(2, 'plugin_content_manager_configuration_content_types::plugin::upload.file', '{"settings":{"bulkable":true,"filterable":true,"searchable":true,"pageSize":10,"mainField":"name","defaultSortBy":"name","defaultSortOrder":"ASC"},"metadatas":{"id":{"edit":{},"list":{"label":"id","searchable":true,"sortable":true}},"name":{"edit":{"label":"name","description":"","placeholder":"","visible":true,"editable":true},"list":{"label":"name","searchable":true,"sortable":true}},"alternativeText":{"edit":{"label":"alternativeText","description":"","placeholder":"","visible":true,"editable":true},"list":{"label":"alternativeText","searchable":true,"sortable":true}},"caption":{"edit":{"label":"caption","description":"","placeholder":"","visible":true,"editable":true},"list":{"label":"caption","searchable":true,"sortable":true}},"width":{"edit":{"label":"width","description":"","placeholder":"","visible":true,"editable":true},"list":{"label":"width","searchable":true,"sortable":true}},"height":{"edit":{"label":"height","description":"","placeholder":"","visible":true,"editable":true},"list":{"label":"height","searchable":true,"sortable":true}},"formats":{"edit":{"label":"formats","description":"","placeholder":"","visible":true,"editable":true},"list":{"label":"formats","searchable":false,"sortable":false}},"hash":{"edit":{"label":"hash","description":"","placeholder":"","visible":true,"editable":true},"list":{"label":"hash","searchable":true,"sortable":true}},"ext":{"edit":{"label":"ext","description":"","placeholder":"","visible":true,"editable":true},"list":{"label":"ext","searchable":true,"sortable":true}},"mime":{"edit":{"label":"mime","description":"","placeholder":"","visible":true,"editable":true},"list":{"label":"mime","searchable":true,"sortable":true}},"size":{"edit":{"label":"size","description":"","placeholder":"","visible":true,"editable":true},"list":{"label":"size","searchable":true,"sortable":true}},"url":{"edit":{"label":"url","description":"","placeholder":"","visible":true,"editable":true},"list":{"label":"url","searchable":true,"sortable":true}},"previewUrl":{"edit":{"label":"previewUrl","description":"","placeholder":"","visible":true,"editable":true},"list":{"label":"previewUrl","searchable":true,"sortable":true}},"provider":{"edit":{"label":"provider","description":"","placeholder":"","visible":true,"editable":true},"list":{"label":"provider","searchable":true,"sortable":true}},"provider_metadata":{"edit":{"label":"provider_metadata","description":"","placeholder":"","visible":true,"editable":true},"list":{"label":"provider_metadata","searchable":false,"sortable":false}},"folder":{"edit":{"label":"folder","description":"","placeholder":"","visible":true,"editable":true,"mainField":"name"},"list":{"label":"folder","searchable":true,"sortable":true}},"folderPath":{"edit":{"label":"folderPath","description":"","placeholder":"","visible":true,"editable":true},"list":{"label":"folderPath","searchable":true,"sortable":true}},"createdAt":{"edit":{"label":"createdAt","description":"","placeholder":"","visible":false,"editable":true},"list":{"label":"createdAt","searchable":true,"sortable":true}},"updatedAt":{"edit":{"label":"updatedAt","description":"","placeholder":"","visible":false,"editable":true},"list":{"label":"updatedAt","searchable":true,"sortable":true}},"createdBy":{"edit":{"label":"createdBy","description":"","placeholder":"","visible":false,"editable":true,"mainField":"firstname"},"list":{"label":"createdBy","searchable":true,"sortable":true}},"updatedBy":{"edit":{"label":"updatedBy","description":"","placeholder":"","visible":false,"editable":true,"mainField":"firstname"},"list":{"label":"updatedBy","searchable":true,"sortable":true}}},"layouts":{"list":["id","name","alternativeText","caption"],"edit":[[{"name":"name","size":6},{"name":"alternativeText","size":6}],[{"name":"caption","size":6},{"name":"width","size":4}],[{"name":"height","size":4}],[{"name":"formats","size":12}],[{"name":"hash","size":6},{"name":"ext","size":6}],[{"name":"mime","size":6},{"name":"size","size":4}],[{"name":"url","size":6},{"name":"previewUrl","size":6}],[{"name":"provider","size":6}],[{"name":"provider_metadata","size":12}],[{"name":"folder","size":6},{"name":"folderPath","size":6}]]},"uid":"plugin::upload.file"}', 'object', NULL, NULL),
	(3, 'plugin_content_manager_configuration_content_types::plugin::upload.folder', '{"settings":{"bulkable":true,"filterable":true,"searchable":true,"pageSize":10,"mainField":"name","defaultSortBy":"name","defaultSortOrder":"ASC"},"metadatas":{"id":{"edit":{},"list":{"label":"id","searchable":true,"sortable":true}},"name":{"edit":{"label":"name","description":"","placeholder":"","visible":true,"editable":true},"list":{"label":"name","searchable":true,"sortable":true}},"pathId":{"edit":{"label":"pathId","description":"","placeholder":"","visible":true,"editable":true},"list":{"label":"pathId","searchable":true,"sortable":true}},"parent":{"edit":{"label":"parent","description":"","placeholder":"","visible":true,"editable":true,"mainField":"name"},"list":{"label":"parent","searchable":true,"sortable":true}},"children":{"edit":{"label":"children","description":"","placeholder":"","visible":true,"editable":true,"mainField":"name"},"list":{"label":"children","searchable":false,"sortable":false}},"files":{"edit":{"label":"files","description":"","placeholder":"","visible":true,"editable":true,"mainField":"name"},"list":{"label":"files","searchable":false,"sortable":false}},"path":{"edit":{"label":"path","description":"","placeholder":"","visible":true,"editable":true},"list":{"label":"path","searchable":true,"sortable":true}},"createdAt":{"edit":{"label":"createdAt","description":"","placeholder":"","visible":false,"editable":true},"list":{"label":"createdAt","searchable":true,"sortable":true}},"updatedAt":{"edit":{"label":"updatedAt","description":"","placeholder":"","visible":false,"editable":true},"list":{"label":"updatedAt","searchable":true,"sortable":true}},"createdBy":{"edit":{"label":"createdBy","description":"","placeholder":"","visible":false,"editable":true,"mainField":"firstname"},"list":{"label":"createdBy","searchable":true,"sortable":true}},"updatedBy":{"edit":{"label":"updatedBy","description":"","placeholder":"","visible":false,"editable":true,"mainField":"firstname"},"list":{"label":"updatedBy","searchable":true,"sortable":true}}},"layouts":{"list":["id","name","pathId","parent"],"edit":[[{"name":"name","size":6},{"name":"pathId","size":4}],[{"name":"parent","size":6},{"name":"children","size":6}],[{"name":"files","size":6},{"name":"path","size":6}]]},"uid":"plugin::upload.folder"}', 'object', NULL, NULL),
	(4, 'plugin_content_manager_configuration_content_types::plugin::i18n.locale', '{"settings":{"bulkable":true,"filterable":true,"searchable":true,"pageSize":10,"mainField":"name","defaultSortBy":"name","defaultSortOrder":"ASC"},"metadatas":{"id":{"edit":{},"list":{"label":"id","searchable":true,"sortable":true}},"name":{"edit":{"label":"name","description":"","placeholder":"","visible":true,"editable":true},"list":{"label":"name","searchable":true,"sortable":true}},"code":{"edit":{"label":"code","description":"","placeholder":"","visible":true,"editable":true},"list":{"label":"code","searchable":true,"sortable":true}},"createdAt":{"edit":{"label":"createdAt","description":"","placeholder":"","visible":false,"editable":true},"list":{"label":"createdAt","searchable":true,"sortable":true}},"updatedAt":{"edit":{"label":"updatedAt","description":"","placeholder":"","visible":false,"editable":true},"list":{"label":"updatedAt","searchable":true,"sortable":true}},"createdBy":{"edit":{"label":"createdBy","description":"","placeholder":"","visible":false,"editable":true,"mainField":"firstname"},"list":{"label":"createdBy","searchable":true,"sortable":true}},"updatedBy":{"edit":{"label":"updatedBy","description":"","placeholder":"","visible":false,"editable":true,"mainField":"firstname"},"list":{"label":"updatedBy","searchable":true,"sortable":true}}},"layouts":{"list":["id","name","code","createdAt"],"edit":[[{"name":"name","size":6},{"name":"code","size":6}]]},"uid":"plugin::i18n.locale"}', 'object', NULL, NULL),
	(5, 'plugin_content_manager_configuration_content_types::plugin::content-releases.release', '{"settings":{"bulkable":true,"filterable":true,"searchable":true,"pageSize":10,"mainField":"name","defaultSortBy":"name","defaultSortOrder":"ASC"},"metadatas":{"id":{"edit":{},"list":{"label":"id","searchable":true,"sortable":true}},"name":{"edit":{"label":"name","description":"","placeholder":"","visible":true,"editable":true},"list":{"label":"name","searchable":true,"sortable":true}},"releasedAt":{"edit":{"label":"releasedAt","description":"","placeholder":"","visible":true,"editable":true},"list":{"label":"releasedAt","searchable":true,"sortable":true}},"scheduledAt":{"edit":{"label":"scheduledAt","description":"","placeholder":"","visible":true,"editable":true},"list":{"label":"scheduledAt","searchable":true,"sortable":true}},"timezone":{"edit":{"label":"timezone","description":"","placeholder":"","visible":true,"editable":true},"list":{"label":"timezone","searchable":true,"sortable":true}},"status":{"edit":{"label":"status","description":"","placeholder":"","visible":true,"editable":true},"list":{"label":"status","searchable":true,"sortable":true}},"actions":{"edit":{"label":"actions","description":"","placeholder":"","visible":true,"editable":true,"mainField":"contentType"},"list":{"label":"actions","searchable":false,"sortable":false}},"createdAt":{"edit":{"label":"createdAt","description":"","placeholder":"","visible":false,"editable":true},"list":{"label":"createdAt","searchable":true,"sortable":true}},"updatedAt":{"edit":{"label":"updatedAt","description":"","placeholder":"","visible":false,"editable":true},"list":{"label":"updatedAt","searchable":true,"sortable":true}},"createdBy":{"edit":{"label":"createdBy","description":"","placeholder":"","visible":false,"editable":true,"mainField":"firstname"},"list":{"label":"createdBy","searchable":true,"sortable":true}},"updatedBy":{"edit":{"label":"updatedBy","description":"","placeholder":"","visible":false,"editable":true,"mainField":"firstname"},"list":{"label":"updatedBy","searchable":true,"sortable":true}}},"layouts":{"list":["id","name","releasedAt","scheduledAt"],"edit":[[{"name":"name","size":6},{"name":"releasedAt","size":6}],[{"name":"scheduledAt","size":6},{"name":"timezone","size":6}],[{"name":"status","size":6},{"name":"actions","size":6}]]},"uid":"plugin::content-releases.release"}', 'object', NULL, NULL),
	(6, 'plugin_content_manager_configuration_content_types::plugin::content-releases.release-action', '{"settings":{"bulkable":true,"filterable":true,"searchable":true,"pageSize":10,"mainField":"contentType","defaultSortBy":"contentType","defaultSortOrder":"ASC"},"metadatas":{"id":{"edit":{},"list":{"label":"id","searchable":true,"sortable":true}},"type":{"edit":{"label":"type","description":"","placeholder":"","visible":true,"editable":true},"list":{"label":"type","searchable":true,"sortable":true}},"contentType":{"edit":{"label":"contentType","description":"","placeholder":"","visible":true,"editable":true},"list":{"label":"contentType","searchable":true,"sortable":true}},"entryDocumentId":{"edit":{"label":"entryDocumentId","description":"","placeholder":"","visible":true,"editable":true},"list":{"label":"entryDocumentId","searchable":true,"sortable":true}},"release":{"edit":{"label":"release","description":"","placeholder":"","visible":true,"editable":true,"mainField":"name"},"list":{"label":"release","searchable":true,"sortable":true}},"isEntryValid":{"edit":{"label":"isEntryValid","description":"","placeholder":"","visible":true,"editable":true},"list":{"label":"isEntryValid","searchable":true,"sortable":true}},"createdAt":{"edit":{"label":"createdAt","description":"","placeholder":"","visible":false,"editable":true},"list":{"label":"createdAt","searchable":true,"sortable":true}},"updatedAt":{"edit":{"label":"updatedAt","description":"","placeholder":"","visible":false,"editable":true},"list":{"label":"updatedAt","searchable":true,"sortable":true}},"createdBy":{"edit":{"label":"createdBy","description":"","placeholder":"","visible":false,"editable":true,"mainField":"firstname"},"list":{"label":"createdBy","searchable":true,"sortable":true}},"updatedBy":{"edit":{"label":"updatedBy","description":"","placeholder":"","visible":false,"editable":true,"mainField":"firstname"},"list":{"label":"updatedBy","searchable":true,"sortable":true}}},"layouts":{"list":["id","type","contentType","entryDocumentId"],"edit":[[{"name":"type","size":6},{"name":"contentType","size":6}],[{"name":"entryDocumentId","size":6},{"name":"release","size":6}],[{"name":"isEntryValid","size":4}]]},"uid":"plugin::content-releases.release-action"}', 'object', NULL, NULL),
	(7, 'plugin_content_manager_configuration_content_types::plugin::review-workflows.workflow', '{"settings":{"bulkable":true,"filterable":true,"searchable":true,"pageSize":10,"mainField":"name","defaultSortBy":"name","defaultSortOrder":"ASC"},"metadatas":{"id":{"edit":{},"list":{"label":"id","searchable":true,"sortable":true}},"name":{"edit":{"label":"name","description":"","placeholder":"","visible":true,"editable":true},"list":{"label":"name","searchable":true,"sortable":true}},"stages":{"edit":{"label":"stages","description":"","placeholder":"","visible":true,"editable":true,"mainField":"name"},"list":{"label":"stages","searchable":false,"sortable":false}},"stageRequiredToPublish":{"edit":{"label":"stageRequiredToPublish","description":"","placeholder":"","visible":true,"editable":true,"mainField":"name"},"list":{"label":"stageRequiredToPublish","searchable":true,"sortable":true}},"contentTypes":{"edit":{"label":"contentTypes","description":"","placeholder":"","visible":true,"editable":true},"list":{"label":"contentTypes","searchable":false,"sortable":false}},"createdAt":{"edit":{"label":"createdAt","description":"","placeholder":"","visible":false,"editable":true},"list":{"label":"createdAt","searchable":true,"sortable":true}},"updatedAt":{"edit":{"label":"updatedAt","description":"","placeholder":"","visible":false,"editable":true},"list":{"label":"updatedAt","searchable":true,"sortable":true}},"createdBy":{"edit":{"label":"createdBy","description":"","placeholder":"","visible":false,"editable":true,"mainField":"firstname"},"list":{"label":"createdBy","searchable":true,"sortable":true}},"updatedBy":{"edit":{"label":"updatedBy","description":"","placeholder":"","visible":false,"editable":true,"mainField":"firstname"},"list":{"label":"updatedBy","searchable":true,"sortable":true}}},"layouts":{"list":["id","name","stages","stageRequiredToPublish"],"edit":[[{"name":"name","size":6},{"name":"stages","size":6}],[{"name":"stageRequiredToPublish","size":6}],[{"name":"contentTypes","size":12}]]},"uid":"plugin::review-workflows.workflow"}', 'object', NULL, NULL),
	(8, 'plugin_content_manager_configuration_content_types::plugin::review-workflows.workflow-stage', '{"settings":{"bulkable":true,"filterable":true,"searchable":true,"pageSize":10,"mainField":"name","defaultSortBy":"name","defaultSortOrder":"ASC"},"metadatas":{"id":{"edit":{},"list":{"label":"id","searchable":true,"sortable":true}},"name":{"edit":{"label":"name","description":"","placeholder":"","visible":true,"editable":true},"list":{"label":"name","searchable":true,"sortable":true}},"color":{"edit":{"label":"color","description":"","placeholder":"","visible":true,"editable":true},"list":{"label":"color","searchable":true,"sortable":true}},"workflow":{"edit":{"label":"workflow","description":"","placeholder":"","visible":true,"editable":true,"mainField":"name"},"list":{"label":"workflow","searchable":true,"sortable":true}},"permissions":{"edit":{"label":"permissions","description":"","placeholder":"","visible":true,"editable":true,"mainField":"action"},"list":{"label":"permissions","searchable":false,"sortable":false}},"createdAt":{"edit":{"label":"createdAt","description":"","placeholder":"","visible":false,"editable":true},"list":{"label":"createdAt","searchable":true,"sortable":true}},"updatedAt":{"edit":{"label":"updatedAt","description":"","placeholder":"","visible":false,"editable":true},"list":{"label":"updatedAt","searchable":true,"sortable":true}},"createdBy":{"edit":{"label":"createdBy","description":"","placeholder":"","visible":false,"editable":true,"mainField":"firstname"},"list":{"label":"createdBy","searchable":true,"sortable":true}},"updatedBy":{"edit":{"label":"updatedBy","description":"","placeholder":"","visible":false,"editable":true,"mainField":"firstname"},"list":{"label":"updatedBy","searchable":true,"sortable":true}}},"layouts":{"list":["id","name","color","workflow"],"edit":[[{"name":"name","size":6},{"name":"color","size":6}],[{"name":"workflow","size":6},{"name":"permissions","size":6}]]},"uid":"plugin::review-workflows.workflow-stage"}', 'object', NULL, NULL),
	(9, 'plugin_content_manager_configuration_content_types::plugin::users-permissions.role', '{"settings":{"bulkable":true,"filterable":true,"searchable":true,"pageSize":10,"mainField":"name","defaultSortBy":"name","defaultSortOrder":"ASC"},"metadatas":{"id":{"edit":{},"list":{"label":"id","searchable":true,"sortable":true}},"name":{"edit":{"label":"name","description":"","placeholder":"","visible":true,"editable":true},"list":{"label":"name","searchable":true,"sortable":true}},"description":{"edit":{"label":"description","description":"","placeholder":"","visible":true,"editable":true},"list":{"label":"description","searchable":true,"sortable":true}},"type":{"edit":{"label":"type","description":"","placeholder":"","visible":true,"editable":true},"list":{"label":"type","searchable":true,"sortable":true}},"permissions":{"edit":{"label":"permissions","description":"","placeholder":"","visible":true,"editable":true,"mainField":"action"},"list":{"label":"permissions","searchable":false,"sortable":false}},"users":{"edit":{"label":"users","description":"","placeholder":"","visible":true,"editable":true,"mainField":"username"},"list":{"label":"users","searchable":false,"sortable":false}},"createdAt":{"edit":{"label":"createdAt","description":"","placeholder":"","visible":false,"editable":true},"list":{"label":"createdAt","searchable":true,"sortable":true}},"updatedAt":{"edit":{"label":"updatedAt","description":"","placeholder":"","visible":false,"editable":true},"list":{"label":"updatedAt","searchable":true,"sortable":true}},"createdBy":{"edit":{"label":"createdBy","description":"","placeholder":"","visible":false,"editable":true,"mainField":"firstname"},"list":{"label":"createdBy","searchable":true,"sortable":true}},"updatedBy":{"edit":{"label":"updatedBy","description":"","placeholder":"","visible":false,"editable":true,"mainField":"firstname"},"list":{"label":"updatedBy","searchable":true,"sortable":true}}},"layouts":{"list":["id","name","description","type"],"edit":[[{"name":"name","size":6},{"name":"description","size":6}],[{"name":"type","size":6},{"name":"permissions","size":6}],[{"name":"users","size":6}]]},"uid":"plugin::users-permissions.role"}', 'object', NULL, NULL),
	(10, 'plugin_content_manager_configuration_content_types::plugin::users-permissions.permission', '{"settings":{"bulkable":true,"filterable":true,"searchable":true,"pageSize":10,"mainField":"action","defaultSortBy":"action","defaultSortOrder":"ASC"},"metadatas":{"id":{"edit":{},"list":{"label":"id","searchable":true,"sortable":true}},"action":{"edit":{"label":"action","description":"","placeholder":"","visible":true,"editable":true},"list":{"label":"action","searchable":true,"sortable":true}},"role":{"edit":{"label":"role","description":"","placeholder":"","visible":true,"editable":true,"mainField":"name"},"list":{"label":"role","searchable":true,"sortable":true}},"createdAt":{"edit":{"label":"createdAt","description":"","placeholder":"","visible":false,"editable":true},"list":{"label":"createdAt","searchable":true,"sortable":true}},"updatedAt":{"edit":{"label":"updatedAt","description":"","placeholder":"","visible":false,"editable":true},"list":{"label":"updatedAt","searchable":true,"sortable":true}},"createdBy":{"edit":{"label":"createdBy","description":"","placeholder":"","visible":false,"editable":true,"mainField":"firstname"},"list":{"label":"createdBy","searchable":true,"sortable":true}},"updatedBy":{"edit":{"label":"updatedBy","description":"","placeholder":"","visible":false,"editable":true,"mainField":"firstname"},"list":{"label":"updatedBy","searchable":true,"sortable":true}}},"layouts":{"list":["id","action","role","createdAt"],"edit":[[{"name":"action","size":6},{"name":"role","size":6}]]},"uid":"plugin::users-permissions.permission"}', 'object', NULL, NULL),
	(11, 'plugin_content_manager_configuration_content_types::plugin::users-permissions.user', '{"settings":{"bulkable":true,"filterable":true,"searchable":true,"pageSize":10,"mainField":"username","defaultSortBy":"username","defaultSortOrder":"ASC"},"metadatas":{"id":{"edit":{},"list":{"label":"id","searchable":true,"sortable":true}},"username":{"edit":{"label":"username","description":"","placeholder":"","visible":true,"editable":true},"list":{"label":"username","searchable":true,"sortable":true}},"email":{"edit":{"label":"email","description":"","placeholder":"","visible":true,"editable":true},"list":{"label":"email","searchable":true,"sortable":true}},"provider":{"edit":{"label":"provider","description":"","placeholder":"","visible":false,"editable":true},"list":{"label":"provider","searchable":true,"sortable":true}},"password":{"edit":{"label":"password","description":"","placeholder":"","visible":true,"editable":true},"list":{"label":"password","searchable":true,"sortable":true}},"resetPasswordToken":{"edit":{"label":"resetPasswordToken","description":"","placeholder":"","visible":false,"editable":true},"list":{"label":"resetPasswordToken","searchable":true,"sortable":true}},"confirmationToken":{"edit":{"label":"confirmationToken","description":"","placeholder":"","visible":false,"editable":true},"list":{"label":"confirmationToken","searchable":true,"sortable":true}},"confirmed":{"edit":{"label":"confirmed","description":"","placeholder":"","visible":true,"editable":true},"list":{"label":"confirmed","searchable":true,"sortable":true}},"blocked":{"edit":{"label":"blocked","description":"","placeholder":"","visible":true,"editable":true},"list":{"label":"blocked","searchable":true,"sortable":true}},"role":{"edit":{"label":"role","description":"","placeholder":"","visible":true,"editable":true,"mainField":"name"},"list":{"label":"role","searchable":true,"sortable":true}},"createdAt":{"edit":{"label":"createdAt","description":"","placeholder":"","visible":false,"editable":true},"list":{"label":"createdAt","searchable":true,"sortable":true}},"updatedAt":{"edit":{"label":"updatedAt","description":"","placeholder":"","visible":false,"editable":true},"list":{"label":"updatedAt","searchable":true,"sortable":true}},"createdBy":{"edit":{"label":"createdBy","description":"","placeholder":"","visible":false,"editable":true,"mainField":"firstname"},"list":{"label":"createdBy","searchable":true,"sortable":true}},"updatedBy":{"edit":{"label":"updatedBy","description":"","placeholder":"","visible":false,"editable":true,"mainField":"firstname"},"list":{"label":"updatedBy","searchable":true,"sortable":true}}},"layouts":{"list":["id","username","email","confirmed"],"edit":[[{"name":"username","size":6},{"name":"email","size":6}],[{"name":"password","size":6},{"name":"confirmed","size":4}],[{"name":"blocked","size":4},{"name":"role","size":6}]]},"uid":"plugin::users-permissions.user"}', 'object', NULL, NULL),
	(12, 'plugin_content_manager_configuration_content_types::admin::user', '{"settings":{"bulkable":true,"filterable":true,"searchable":true,"pageSize":10,"mainField":"firstname","defaultSortBy":"firstname","defaultSortOrder":"ASC"},"metadatas":{"id":{"edit":{},"list":{"label":"id","searchable":true,"sortable":true}},"firstname":{"edit":{"label":"firstname","description":"","placeholder":"","visible":true,"editable":true},"list":{"label":"firstname","searchable":true,"sortable":true}},"lastname":{"edit":{"label":"lastname","description":"","placeholder":"","visible":true,"editable":true},"list":{"label":"lastname","searchable":true,"sortable":true}},"username":{"edit":{"label":"username","description":"","placeholder":"","visible":true,"editable":true},"list":{"label":"username","searchable":true,"sortable":true}},"email":{"edit":{"label":"email","description":"","placeholder":"","visible":true,"editable":true},"list":{"label":"email","searchable":true,"sortable":true}},"password":{"edit":{"label":"password","description":"","placeholder":"","visible":true,"editable":true},"list":{"label":"password","searchable":true,"sortable":true}},"resetPasswordToken":{"edit":{"label":"resetPasswordToken","description":"","placeholder":"","visible":false,"editable":true},"list":{"label":"resetPasswordToken","searchable":true,"sortable":true}},"registrationToken":{"edit":{"label":"registrationToken","description":"","placeholder":"","visible":false,"editable":true},"list":{"label":"registrationToken","searchable":true,"sortable":true}},"isActive":{"edit":{"label":"isActive","description":"","placeholder":"","visible":true,"editable":true},"list":{"label":"isActive","searchable":true,"sortable":true}},"roles":{"edit":{"label":"roles","description":"","placeholder":"","visible":true,"editable":true,"mainField":"name"},"list":{"label":"roles","searchable":false,"sortable":false}},"blocked":{"edit":{"label":"blocked","description":"","placeholder":"","visible":true,"editable":true},"list":{"label":"blocked","searchable":true,"sortable":true}},"preferedLanguage":{"edit":{"label":"preferedLanguage","description":"","placeholder":"","visible":true,"editable":true},"list":{"label":"preferedLanguage","searchable":true,"sortable":true}},"createdAt":{"edit":{"label":"createdAt","description":"","placeholder":"","visible":false,"editable":true},"list":{"label":"createdAt","searchable":true,"sortable":true}},"updatedAt":{"edit":{"label":"updatedAt","description":"","placeholder":"","visible":false,"editable":true},"list":{"label":"updatedAt","searchable":true,"sortable":true}},"createdBy":{"edit":{"label":"createdBy","description":"","placeholder":"","visible":false,"editable":true,"mainField":"firstname"},"list":{"label":"createdBy","searchable":true,"sortable":true}},"updatedBy":{"edit":{"label":"updatedBy","description":"","placeholder":"","visible":false,"editable":true,"mainField":"firstname"},"list":{"label":"updatedBy","searchable":true,"sortable":true}}},"layouts":{"list":["id","firstname","lastname","username"],"edit":[[{"name":"firstname","size":6},{"name":"lastname","size":6}],[{"name":"username","size":6},{"name":"email","size":6}],[{"name":"password","size":6},{"name":"isActive","size":4}],[{"name":"roles","size":6},{"name":"blocked","size":4}],[{"name":"preferedLanguage","size":6}]]},"uid":"admin::user"}', 'object', NULL, NULL),
	(13, 'plugin_content_manager_configuration_content_types::admin::role', '{"settings":{"bulkable":true,"filterable":true,"searchable":true,"pageSize":10,"mainField":"name","defaultSortBy":"name","defaultSortOrder":"ASC"},"metadatas":{"id":{"edit":{},"list":{"label":"id","searchable":true,"sortable":true}},"name":{"edit":{"label":"name","description":"","placeholder":"","visible":true,"editable":true},"list":{"label":"name","searchable":true,"sortable":true}},"code":{"edit":{"label":"code","description":"","placeholder":"","visible":true,"editable":true},"list":{"label":"code","searchable":true,"sortable":true}},"description":{"edit":{"label":"description","description":"","placeholder":"","visible":true,"editable":true},"list":{"label":"description","searchable":true,"sortable":true}},"users":{"edit":{"label":"users","description":"","placeholder":"","visible":true,"editable":true,"mainField":"firstname"},"list":{"label":"users","searchable":false,"sortable":false}},"permissions":{"edit":{"label":"permissions","description":"","placeholder":"","visible":true,"editable":true,"mainField":"action"},"list":{"label":"permissions","searchable":false,"sortable":false}},"createdAt":{"edit":{"label":"createdAt","description":"","placeholder":"","visible":false,"editable":true},"list":{"label":"createdAt","searchable":true,"sortable":true}},"updatedAt":{"edit":{"label":"updatedAt","description":"","placeholder":"","visible":false,"editable":true},"list":{"label":"updatedAt","searchable":true,"sortable":true}},"createdBy":{"edit":{"label":"createdBy","description":"","placeholder":"","visible":false,"editable":true,"mainField":"firstname"},"list":{"label":"createdBy","searchable":true,"sortable":true}},"updatedBy":{"edit":{"label":"updatedBy","description":"","placeholder":"","visible":false,"editable":true,"mainField":"firstname"},"list":{"label":"updatedBy","searchable":true,"sortable":true}}},"layouts":{"list":["id","name","code","description"],"edit":[[{"name":"name","size":6},{"name":"code","size":6}],[{"name":"description","size":6},{"name":"users","size":6}],[{"name":"permissions","size":6}]]},"uid":"admin::role"}', 'object', NULL, NULL),
	(14, 'plugin_content_manager_configuration_content_types::admin::api-token', '{"settings":{"bulkable":true,"filterable":true,"searchable":true,"pageSize":10,"mainField":"name","defaultSortBy":"name","defaultSortOrder":"ASC"},"metadatas":{"id":{"edit":{},"list":{"label":"id","searchable":true,"sortable":true}},"name":{"edit":{"label":"name","description":"","placeholder":"","visible":true,"editable":true},"list":{"label":"name","searchable":true,"sortable":true}},"description":{"edit":{"label":"description","description":"","placeholder":"","visible":true,"editable":true},"list":{"label":"description","searchable":true,"sortable":true}},"type":{"edit":{"label":"type","description":"","placeholder":"","visible":true,"editable":true},"list":{"label":"type","searchable":true,"sortable":true}},"accessKey":{"edit":{"label":"accessKey","description":"","placeholder":"","visible":true,"editable":true},"list":{"label":"accessKey","searchable":true,"sortable":true}},"lastUsedAt":{"edit":{"label":"lastUsedAt","description":"","placeholder":"","visible":true,"editable":true},"list":{"label":"lastUsedAt","searchable":true,"sortable":true}},"permissions":{"edit":{"label":"permissions","description":"","placeholder":"","visible":true,"editable":true,"mainField":"action"},"list":{"label":"permissions","searchable":false,"sortable":false}},"expiresAt":{"edit":{"label":"expiresAt","description":"","placeholder":"","visible":true,"editable":true},"list":{"label":"expiresAt","searchable":true,"sortable":true}},"lifespan":{"edit":{"label":"lifespan","description":"","placeholder":"","visible":true,"editable":true},"list":{"label":"lifespan","searchable":true,"sortable":true}},"createdAt":{"edit":{"label":"createdAt","description":"","placeholder":"","visible":false,"editable":true},"list":{"label":"createdAt","searchable":true,"sortable":true}},"updatedAt":{"edit":{"label":"updatedAt","description":"","placeholder":"","visible":false,"editable":true},"list":{"label":"updatedAt","searchable":true,"sortable":true}},"createdBy":{"edit":{"label":"createdBy","description":"","placeholder":"","visible":false,"editable":true,"mainField":"firstname"},"list":{"label":"createdBy","searchable":true,"sortable":true}},"updatedBy":{"edit":{"label":"updatedBy","description":"","placeholder":"","visible":false,"editable":true,"mainField":"firstname"},"list":{"label":"updatedBy","searchable":true,"sortable":true}}},"layouts":{"list":["id","name","description","type"],"edit":[[{"name":"name","size":6},{"name":"description","size":6}],[{"name":"type","size":6},{"name":"accessKey","size":6}],[{"name":"lastUsedAt","size":6},{"name":"permissions","size":6}],[{"name":"expiresAt","size":6},{"name":"lifespan","size":4}]]},"uid":"admin::api-token"}', 'object', NULL, NULL),
	(15, 'plugin_content_manager_configuration_content_types::admin::api-token-permission', '{"settings":{"bulkable":true,"filterable":true,"searchable":true,"pageSize":10,"mainField":"action","defaultSortBy":"action","defaultSortOrder":"ASC"},"metadatas":{"id":{"edit":{},"list":{"label":"id","searchable":true,"sortable":true}},"action":{"edit":{"label":"action","description":"","placeholder":"","visible":true,"editable":true},"list":{"label":"action","searchable":true,"sortable":true}},"token":{"edit":{"label":"token","description":"","placeholder":"","visible":true,"editable":true,"mainField":"name"},"list":{"label":"token","searchable":true,"sortable":true}},"createdAt":{"edit":{"label":"createdAt","description":"","placeholder":"","visible":false,"editable":true},"list":{"label":"createdAt","searchable":true,"sortable":true}},"updatedAt":{"edit":{"label":"updatedAt","description":"","placeholder":"","visible":false,"editable":true},"list":{"label":"updatedAt","searchable":true,"sortable":true}},"createdBy":{"edit":{"label":"createdBy","description":"","placeholder":"","visible":false,"editable":true,"mainField":"firstname"},"list":{"label":"createdBy","searchable":true,"sortable":true}},"updatedBy":{"edit":{"label":"updatedBy","description":"","placeholder":"","visible":false,"editable":true,"mainField":"firstname"},"list":{"label":"updatedBy","searchable":true,"sortable":true}}},"layouts":{"list":["id","action","token","createdAt"],"edit":[[{"name":"action","size":6},{"name":"token","size":6}]]},"uid":"admin::api-token-permission"}', 'object', NULL, NULL),
	(16, 'plugin_content_manager_configuration_content_types::admin::transfer-token', '{"settings":{"bulkable":true,"filterable":true,"searchable":true,"pageSize":10,"mainField":"name","defaultSortBy":"name","defaultSortOrder":"ASC"},"metadatas":{"id":{"edit":{},"list":{"label":"id","searchable":true,"sortable":true}},"name":{"edit":{"label":"name","description":"","placeholder":"","visible":true,"editable":true},"list":{"label":"name","searchable":true,"sortable":true}},"description":{"edit":{"label":"description","description":"","placeholder":"","visible":true,"editable":true},"list":{"label":"description","searchable":true,"sortable":true}},"accessKey":{"edit":{"label":"accessKey","description":"","placeholder":"","visible":true,"editable":true},"list":{"label":"accessKey","searchable":true,"sortable":true}},"lastUsedAt":{"edit":{"label":"lastUsedAt","description":"","placeholder":"","visible":true,"editable":true},"list":{"label":"lastUsedAt","searchable":true,"sortable":true}},"permissions":{"edit":{"label":"permissions","description":"","placeholder":"","visible":true,"editable":true,"mainField":"action"},"list":{"label":"permissions","searchable":false,"sortable":false}},"expiresAt":{"edit":{"label":"expiresAt","description":"","placeholder":"","visible":true,"editable":true},"list":{"label":"expiresAt","searchable":true,"sortable":true}},"lifespan":{"edit":{"label":"lifespan","description":"","placeholder":"","visible":true,"editable":true},"list":{"label":"lifespan","searchable":true,"sortable":true}},"createdAt":{"edit":{"label":"createdAt","description":"","placeholder":"","visible":false,"editable":true},"list":{"label":"createdAt","searchable":true,"sortable":true}},"updatedAt":{"edit":{"label":"updatedAt","description":"","placeholder":"","visible":false,"editable":true},"list":{"label":"updatedAt","searchable":true,"sortable":true}},"createdBy":{"edit":{"label":"createdBy","description":"","placeholder":"","visible":false,"editable":true,"mainField":"firstname"},"list":{"label":"createdBy","searchable":true,"sortable":true}},"updatedBy":{"edit":{"label":"updatedBy","description":"","placeholder":"","visible":false,"editable":true,"mainField":"firstname"},"list":{"label":"updatedBy","searchable":true,"sortable":true}}},"layouts":{"list":["id","name","description","accessKey"],"edit":[[{"name":"name","size":6},{"name":"description","size":6}],[{"name":"accessKey","size":6},{"name":"lastUsedAt","size":6}],[{"name":"permissions","size":6},{"name":"expiresAt","size":6}],[{"name":"lifespan","size":4}]]},"uid":"admin::transfer-token"}', 'object', NULL, NULL),
	(17, 'plugin_content_manager_configuration_content_types::admin::permission', '{"settings":{"bulkable":true,"filterable":true,"searchable":true,"pageSize":10,"mainField":"action","defaultSortBy":"action","defaultSortOrder":"ASC"},"metadatas":{"id":{"edit":{},"list":{"label":"id","searchable":true,"sortable":true}},"action":{"edit":{"label":"action","description":"","placeholder":"","visible":true,"editable":true},"list":{"label":"action","searchable":true,"sortable":true}},"actionParameters":{"edit":{"label":"actionParameters","description":"","placeholder":"","visible":true,"editable":true},"list":{"label":"actionParameters","searchable":false,"sortable":false}},"subject":{"edit":{"label":"subject","description":"","placeholder":"","visible":true,"editable":true},"list":{"label":"subject","searchable":true,"sortable":true}},"properties":{"edit":{"label":"properties","description":"","placeholder":"","visible":true,"editable":true},"list":{"label":"properties","searchable":false,"sortable":false}},"conditions":{"edit":{"label":"conditions","description":"","placeholder":"","visible":true,"editable":true},"list":{"label":"conditions","searchable":false,"sortable":false}},"role":{"edit":{"label":"role","description":"","placeholder":"","visible":true,"editable":true,"mainField":"name"},"list":{"label":"role","searchable":true,"sortable":true}},"createdAt":{"edit":{"label":"createdAt","description":"","placeholder":"","visible":false,"editable":true},"list":{"label":"createdAt","searchable":true,"sortable":true}},"updatedAt":{"edit":{"label":"updatedAt","description":"","placeholder":"","visible":false,"editable":true},"list":{"label":"updatedAt","searchable":true,"sortable":true}},"createdBy":{"edit":{"label":"createdBy","description":"","placeholder":"","visible":false,"editable":true,"mainField":"firstname"},"list":{"label":"createdBy","searchable":true,"sortable":true}},"updatedBy":{"edit":{"label":"updatedBy","description":"","placeholder":"","visible":false,"editable":true,"mainField":"firstname"},"list":{"label":"updatedBy","searchable":true,"sortable":true}}},"layouts":{"list":["id","action","subject","role"],"edit":[[{"name":"action","size":6}],[{"name":"actionParameters","size":12}],[{"name":"subject","size":6}],[{"name":"properties","size":12}],[{"name":"conditions","size":12}],[{"name":"role","size":6}]]},"uid":"admin::permission"}', 'object', NULL, NULL),
	(18, 'plugin_content_manager_configuration_content_types::admin::transfer-token-permission', '{"settings":{"bulkable":true,"filterable":true,"searchable":true,"pageSize":10,"mainField":"action","defaultSortBy":"action","defaultSortOrder":"ASC"},"metadatas":{"id":{"edit":{},"list":{"label":"id","searchable":true,"sortable":true}},"action":{"edit":{"label":"action","description":"","placeholder":"","visible":true,"editable":true},"list":{"label":"action","searchable":true,"sortable":true}},"token":{"edit":{"label":"token","description":"","placeholder":"","visible":true,"editable":true,"mainField":"name"},"list":{"label":"token","searchable":true,"sortable":true}},"createdAt":{"edit":{"label":"createdAt","description":"","placeholder":"","visible":false,"editable":true},"list":{"label":"createdAt","searchable":true,"sortable":true}},"updatedAt":{"edit":{"label":"updatedAt","description":"","placeholder":"","visible":false,"editable":true},"list":{"label":"updatedAt","searchable":true,"sortable":true}},"createdBy":{"edit":{"label":"createdBy","description":"","placeholder":"","visible":false,"editable":true,"mainField":"firstname"},"list":{"label":"createdBy","searchable":true,"sortable":true}},"updatedBy":{"edit":{"label":"updatedBy","description":"","placeholder":"","visible":false,"editable":true,"mainField":"firstname"},"list":{"label":"updatedBy","searchable":true,"sortable":true}}},"layouts":{"list":["id","action","token","createdAt"],"edit":[[{"name":"action","size":6},{"name":"token","size":6}]]},"uid":"admin::transfer-token-permission"}', 'object', NULL, NULL),
	(19, 'plugin_upload_settings', '{"sizeOptimization":true,"responsiveDimensions":true,"autoOrientation":false}', 'object', NULL, NULL),
	(20, 'plugin_upload_view_configuration', '{"pageSize":10,"sort":"createdAt:DESC"}', 'object', NULL, NULL),
	(21, 'plugin_upload_metrics', '{"weeklySchedule":"24 24 21 * * 3","lastWeeklyUpdate":1730924664036}', 'object', NULL, NULL),
	(22, 'plugin_i18n_default_locale', '"en"', 'string', NULL, NULL),
	(23, 'plugin_users-permissions_grant', '{"email":{"icon":"envelope","enabled":true},"discord":{"icon":"discord","enabled":false,"key":"","secret":"","callbackUrl":"api/auth/discord/callback","scope":["identify","email"]},"facebook":{"icon":"facebook-square","enabled":false,"key":"","secret":"","callbackUrl":"api/auth/facebook/callback","scope":["email"]},"google":{"icon":"google","enabled":false,"key":"","secret":"","callbackUrl":"api/auth/google/callback","scope":["email"]},"github":{"icon":"github","enabled":false,"key":"","secret":"","callbackUrl":"api/auth/github/callback","scope":["user","user:email"]},"microsoft":{"icon":"windows","enabled":false,"key":"","secret":"","callbackUrl":"api/auth/microsoft/callback","scope":["user.read"]},"twitter":{"icon":"twitter","enabled":false,"key":"","secret":"","callbackUrl":"api/auth/twitter/callback"},"instagram":{"icon":"instagram","enabled":false,"key":"","secret":"","callbackUrl":"api/auth/instagram/callback","scope":["user_profile"]},"vk":{"icon":"vk","enabled":false,"key":"","secret":"","callbackUrl":"api/auth/vk/callback","scope":["email"]},"twitch":{"icon":"twitch","enabled":false,"key":"","secret":"","callbackUrl":"api/auth/twitch/callback","scope":["user:read:email"]},"linkedin":{"icon":"linkedin","enabled":false,"key":"","secret":"","callbackUrl":"api/auth/linkedin/callback","scope":["r_liteprofile","r_emailaddress"]},"cognito":{"icon":"aws","enabled":false,"key":"","secret":"","subdomain":"my.subdomain.com","callback":"api/auth/cognito/callback","scope":["email","openid","profile"]},"reddit":{"icon":"reddit","enabled":false,"key":"","secret":"","callback":"api/auth/reddit/callback","scope":["identity"]},"auth0":{"icon":"","enabled":false,"key":"","secret":"","subdomain":"my-tenant.eu","callback":"api/auth/auth0/callback","scope":["openid","email","profile"]},"cas":{"icon":"book","enabled":false,"key":"","secret":"","callback":"api/auth/cas/callback","scope":["openid email"],"subdomain":"my.subdomain.com/cas"},"patreon":{"icon":"","enabled":false,"key":"","secret":"","callback":"api/auth/patreon/callback","scope":["identity","identity[email]"]},"keycloak":{"icon":"","enabled":false,"key":"","secret":"","subdomain":"myKeycloakProvider.com/realms/myrealm","callback":"api/auth/keycloak/callback","scope":["openid","email","profile"]}}', 'object', NULL, NULL),
	(24, 'plugin_users-permissions_email', '{"reset_password":{"display":"Email.template.reset_password","icon":"sync","options":{"from":{"name":"Administration Panel","email":"no-reply@strapi.io"},"response_email":"","object":"Reset password","message":"<p>We heard that you lost your password. Sorry about that!</p>\\n\\n<p>But don’t worry! You can use the following link to reset your password:</p>\\n<p><%= URL %>?code=<%= TOKEN %></p>\\n\\n<p>Thanks.</p>"}},"email_confirmation":{"display":"Email.template.email_confirmation","icon":"check-square","options":{"from":{"name":"Administration Panel","email":"no-reply@strapi.io"},"response_email":"","object":"Account confirmation","message":"<p>Thank you for registering!</p>\\n\\n<p>You have to confirm your email address. Please click on the link below.</p>\\n\\n<p><%= URL %>?confirmation=<%= CODE %></p>\\n\\n<p>Thanks.</p>"}}}', 'object', NULL, NULL),
	(25, 'plugin_users-permissions_advanced', '{"unique_email":true,"allow_register":true,"email_confirmation":false,"email_reset_password":null,"email_confirmation_redirection":null,"default_role":"authenticated"}', 'object', NULL, NULL),
	(26, 'core_admin_auth', '{"providers":{"autoRegister":false,"defaultRole":null,"ssoLockedRoles":null}}', 'object', NULL, NULL),
	(28, 'plugin_content_manager_configuration_content_types::api::navitem.navitem', '{"settings":{"bulkable":true,"filterable":true,"searchable":true,"pageSize":10,"mainField":"name","defaultSortBy":"name","defaultSortOrder":"ASC"},"metadatas":{"id":{"edit":{},"list":{"label":"id","searchable":true,"sortable":true}},"name":{"edit":{"label":"name","description":"","placeholder":"","visible":true,"editable":true},"list":{"label":"name","searchable":true,"sortable":true}},"slug":{"edit":{"label":"slug","description":"","placeholder":"","visible":true,"editable":true},"list":{"label":"slug","searchable":true,"sortable":true}},"order":{"edit":{"label":"order","description":"","placeholder":"","visible":true,"editable":true},"list":{"label":"order","searchable":true,"sortable":true}},"createdAt":{"edit":{"label":"createdAt","description":"","placeholder":"","visible":false,"editable":true},"list":{"label":"createdAt","searchable":true,"sortable":true}},"updatedAt":{"edit":{"label":"updatedAt","description":"","placeholder":"","visible":false,"editable":true},"list":{"label":"updatedAt","searchable":true,"sortable":true}},"createdBy":{"edit":{"label":"createdBy","description":"","placeholder":"","visible":false,"editable":true,"mainField":"firstname"},"list":{"label":"createdBy","searchable":true,"sortable":true}},"updatedBy":{"edit":{"label":"updatedBy","description":"","placeholder":"","visible":false,"editable":true,"mainField":"firstname"},"list":{"label":"updatedBy","searchable":true,"sortable":true}}},"layouts":{"list":["id","name","slug","order"],"edit":[[{"name":"name","size":6},{"name":"slug","size":6}],[{"name":"order","size":4}]]},"uid":"api::navitem.navitem"}', 'object', NULL, NULL),
	(29, 'plugin_content_manager_configuration_content_types::api::hero.hero', '{"settings":{"bulkable":true,"filterable":true,"searchable":true,"pageSize":10,"mainField":"title","defaultSortBy":"title","defaultSortOrder":"ASC"},"metadatas":{"id":{"edit":{},"list":{"label":"id","searchable":true,"sortable":true}},"title":{"edit":{"label":"title","description":"","placeholder":"","visible":true,"editable":true},"list":{"label":"title","searchable":true,"sortable":true}},"description":{"edit":{"label":"description","description":"","placeholder":"","visible":true,"editable":true},"list":{"label":"description","searchable":false,"sortable":false}},"button":{"edit":{"label":"button","description":"","placeholder":"","visible":true,"editable":true},"list":{"label":"button","searchable":true,"sortable":true}},"hero_image":{"edit":{"label":"hero_image","description":"","placeholder":"","visible":true,"editable":true},"list":{"label":"hero_image","searchable":false,"sortable":false}},"createdAt":{"edit":{"label":"createdAt","description":"","placeholder":"","visible":false,"editable":true},"list":{"label":"createdAt","searchable":true,"sortable":true}},"updatedAt":{"edit":{"label":"updatedAt","description":"","placeholder":"","visible":false,"editable":true},"list":{"label":"updatedAt","searchable":true,"sortable":true}},"createdBy":{"edit":{"label":"createdBy","description":"","placeholder":"","visible":false,"editable":true,"mainField":"firstname"},"list":{"label":"createdBy","searchable":true,"sortable":true}},"updatedBy":{"edit":{"label":"updatedBy","description":"","placeholder":"","visible":false,"editable":true,"mainField":"firstname"},"list":{"label":"updatedBy","searchable":true,"sortable":true}}},"layouts":{"list":["id","title","button","createdAt"],"edit":[[{"name":"title","size":6}],[{"name":"description","size":12}],[{"name":"button","size":6},{"name":"hero_image","size":6}]]},"uid":"api::hero.hero"}', 'object', NULL, NULL),
	(30, 'plugin_content_manager_configuration_content_types::api::welcome.welcome', '{"settings":{"bulkable":true,"filterable":true,"searchable":true,"pageSize":10,"mainField":"header","defaultSortBy":"header","defaultSortOrder":"ASC"},"metadatas":{"id":{"edit":{},"list":{"label":"id","searchable":true,"sortable":true}},"header":{"edit":{"label":"header","description":"","placeholder":"","visible":true,"editable":true},"list":{"label":"header","searchable":true,"sortable":true}},"paragraph_1":{"edit":{"label":"paragraph_1","description":"","placeholder":"","visible":true,"editable":true},"list":{"label":"paragraph_1","searchable":true,"sortable":true}},"paragraph_2":{"edit":{"label":"paragraph_2","description":"","placeholder":"","visible":true,"editable":true},"list":{"label":"paragraph_2","searchable":true,"sortable":true}},"question_1":{"edit":{"label":"question_1","description":"","placeholder":"","visible":true,"editable":true},"list":{"label":"question_1","searchable":true,"sortable":true}},"paragraph_3":{"edit":{"label":"paragraph_3","description":"","placeholder":"","visible":true,"editable":true},"list":{"label":"paragraph_3","searchable":true,"sortable":true}},"question_2":{"edit":{"label":"question_2","description":"","placeholder":"","visible":true,"editable":true},"list":{"label":"question_2","searchable":true,"sortable":true}},"paragraph_4":{"edit":{"label":"paragraph_4","description":"","placeholder":"","visible":true,"editable":true},"list":{"label":"paragraph_4","searchable":true,"sortable":true}},"paragraph_5":{"edit":{"label":"paragraph_5","description":"","placeholder":"","visible":true,"editable":true},"list":{"label":"paragraph_5","searchable":true,"sortable":true}},"paragraph_6":{"edit":{"label":"paragraph_6","description":"","placeholder":"","visible":true,"editable":true},"list":{"label":"paragraph_6","searchable":true,"sortable":true}},"greetingPrefix":{"edit":{"label":"greetingPrefix","description":"","placeholder":"","visible":true,"editable":true},"list":{"label":"greetingPrefix","searchable":true,"sortable":true}},"highlightedText":{"edit":{"label":"highlightedText","description":"","placeholder":"","visible":true,"editable":true},"list":{"label":"highlightedText","searchable":true,"sortable":true}},"greetingSuffix":{"edit":{"label":"greetingSuffix","description":"","placeholder":"","visible":true,"editable":true},"list":{"label":"greetingSuffix","searchable":true,"sortable":true}},"createdAt":{"edit":{"label":"createdAt","description":"","placeholder":"","visible":false,"editable":true},"list":{"label":"createdAt","searchable":true,"sortable":true}},"updatedAt":{"edit":{"label":"updatedAt","description":"","placeholder":"","visible":false,"editable":true},"list":{"label":"updatedAt","searchable":true,"sortable":true}},"createdBy":{"edit":{"label":"createdBy","description":"","placeholder":"","visible":false,"editable":true,"mainField":"firstname"},"list":{"label":"createdBy","searchable":true,"sortable":true}},"updatedBy":{"edit":{"label":"updatedBy","description":"","placeholder":"","visible":false,"editable":true,"mainField":"firstname"},"list":{"label":"updatedBy","searchable":true,"sortable":true}}},"layouts":{"list":["id","header","paragraph_1","greetingPrefix"],"edit":[[{"name":"header","size":6}],[{"name":"paragraph_1","size":6}],[{"name":"paragraph_2","size":6}],[{"name":"question_1","size":6}],[{"name":"paragraph_3","size":6}],[{"name":"question_2","size":6}],[{"name":"paragraph_4","size":6}],[{"name":"paragraph_5","size":6}],[{"name":"paragraph_6","size":6},{"name":"greetingPrefix","size":6}],[{"name":"highlightedText","size":6},{"name":"greetingSuffix","size":6}]]},"uid":"api::welcome.welcome"}', 'object', NULL, NULL),
	(31, 'plugin_content_manager_configuration_components::header.cim', '{"settings":{"bulkable":true,"filterable":true,"searchable":true,"pageSize":10,"mainField":"text","defaultSortBy":"text","defaultSortOrder":"ASC"},"metadatas":{"id":{"edit":{},"list":{"label":"id","searchable":false,"sortable":false}},"text":{"edit":{"label":"text","description":"","placeholder":"","visible":true,"editable":true},"list":{"label":"text","searchable":true,"sortable":true}}},"layouts":{"list":["id","text"],"edit":[[{"name":"text","size":6}]]},"uid":"header.cim","isComponent":true}', 'object', NULL, NULL),
	(33, 'plugin_content_manager_configuration_content_types::api::amigurumi.amigurumi', '{"settings":{"bulkable":true,"filterable":true,"searchable":true,"pageSize":10,"mainField":"id","defaultSortBy":"id","defaultSortOrder":"ASC"},"metadatas":{"id":{"edit":{},"list":{"label":"id","searchable":true,"sortable":true}},"Text":{"edit":{"label":"Text","description":"","placeholder":"","visible":true,"editable":true},"list":{"label":"Text","searchable":true,"sortable":true}},"Title":{"edit":{"label":"Title","description":"","placeholder":"","visible":true,"editable":true},"list":{"label":"Title","searchable":false,"sortable":false}},"Photo":{"edit":{"label":"Photo","description":"","placeholder":"","visible":true,"editable":true},"list":{"label":"Photo","searchable":false,"sortable":false}},"createdAt":{"edit":{"label":"createdAt","description":"","placeholder":"","visible":false,"editable":true},"list":{"label":"createdAt","searchable":true,"sortable":true}},"updatedAt":{"edit":{"label":"updatedAt","description":"","placeholder":"","visible":false,"editable":true},"list":{"label":"updatedAt","searchable":true,"sortable":true}},"createdBy":{"edit":{"label":"createdBy","description":"","placeholder":"","visible":false,"editable":true,"mainField":"firstname"},"list":{"label":"createdBy","searchable":true,"sortable":true}},"updatedBy":{"edit":{"label":"updatedBy","description":"","placeholder":"","visible":false,"editable":true,"mainField":"firstname"},"list":{"label":"updatedBy","searchable":true,"sortable":true}}},"layouts":{"list":["id","Title","Text","createdAt"],"edit":[[{"name":"Title","size":12}],[{"name":"Text","size":12}],[{"name":"Photo","size":6}]]},"uid":"api::amigurumi.amigurumi"}', 'object', NULL, NULL),
	(34, 'plugin_content_manager_configuration_content_types::api::mintak.mintak', '{"settings":{"bulkable":true,"filterable":true,"searchable":true,"pageSize":10,"mainField":"title","defaultSortBy":"title","defaultSortOrder":"ASC"},"metadatas":{"id":{"edit":{},"list":{"label":"id","searchable":true,"sortable":true}},"title":{"edit":{"label":"title","description":"","placeholder":"","visible":true,"editable":true},"list":{"label":"title","searchable":true,"sortable":true}},"slug":{"edit":{"label":"slug","description":"","placeholder":"","visible":true,"editable":true},"list":{"label":"slug","searchable":true,"sortable":true}},"leiras":{"edit":{"label":"leiras","description":"","placeholder":"","visible":true,"editable":true},"list":{"label":"leiras","searchable":false,"sortable":false}},"bovebben":{"edit":{"label":"bovebben","description":"","placeholder":"","visible":true,"editable":true},"list":{"label":"bovebben","searchable":false,"sortable":false}},"image":{"edit":{"label":"image","description":"","placeholder":"","visible":true,"editable":true},"list":{"label":"image","searchable":false,"sortable":false}},"createdAt":{"edit":{"label":"createdAt","description":"","placeholder":"","visible":false,"editable":true},"list":{"label":"createdAt","searchable":true,"sortable":true}},"updatedAt":{"edit":{"label":"updatedAt","description":"","placeholder":"","visible":false,"editable":true},"list":{"label":"updatedAt","searchable":true,"sortable":true}},"createdBy":{"edit":{"label":"createdBy","description":"","placeholder":"","visible":false,"editable":true,"mainField":"firstname"},"list":{"label":"createdBy","searchable":true,"sortable":true}},"updatedBy":{"edit":{"label":"updatedBy","description":"","placeholder":"","visible":false,"editable":true,"mainField":"firstname"},"list":{"label":"updatedBy","searchable":true,"sortable":true}}},"layouts":{"list":["id","title","slug","createdAt"],"edit":[[{"name":"title","size":6},{"name":"slug","size":6}],[{"name":"leiras","size":12}],[{"name":"bovebben","size":12}],[{"name":"image","size":6}]]},"uid":"api::mintak.mintak"}', 'object', NULL, NULL);

-- Struktúra mentése tábla fonalbaba. strapi_database_schema
CREATE TABLE IF NOT EXISTS `strapi_database_schema` (
  `id` int(10) unsigned NOT NULL AUTO_INCREMENT,
  `schema` longtext CHARACTER SET utf8mb4 COLLATE utf8mb4_bin DEFAULT NULL CHECK (json_valid(`schema`)),
  `time` datetime DEFAULT NULL,
  `hash` varchar(255) DEFAULT NULL,
  PRIMARY KEY (`id`)
) ENGINE=InnoDB AUTO_INCREMENT=15 DEFAULT CHARSET=utf8mb4 COLLATE=utf8mb4_general_ci;

-- Tábla adatainak mentése fonalbaba.strapi_database_schema: ~1 rows (hozzávetőleg)
INSERT IGNORE INTO `strapi_database_schema` (`id`, `schema`, `time`, `hash`) VALUES
	(14, '{"tables":[{"name":"files","indexes":[{"name":"upload_files_folder_path_index","columns":["folder_path"],"type":null},{"name":"upload_files_created_at_index","columns":["created_at"],"type":null},{"name":"upload_files_updated_at_index","columns":["updated_at"],"type":null},{"name":"upload_files_name_index","columns":["name"],"type":null},{"name":"upload_files_size_index","columns":["size"],"type":null},{"name":"upload_files_ext_index","columns":["ext"],"type":null},{"name":"files_documents_idx","columns":["document_id","locale","published_at"]},{"name":"files_created_by_id_fk","columns":["created_by_id"]},{"name":"files_updated_by_id_fk","columns":["updated_by_id"]}],"foreignKeys":[{"name":"files_created_by_id_fk","columns":["created_by_id"],"referencedTable":"admin_users","referencedColumns":["id"],"onDelete":"SET NULL"},{"name":"files_updated_by_id_fk","columns":["updated_by_id"],"referencedTable":"admin_users","referencedColumns":["id"],"onDelete":"SET NULL"}],"columns":[{"name":"id","type":"increments","args":[{"primary":true,"primaryKey":true}],"defaultTo":null,"notNullable":true,"unsigned":false},{"name":"document_id","type":"string","args":[],"defaultTo":null,"notNullable":false,"unsigned":false},{"name":"name","type":"string","args":[],"defaultTo":null,"notNullable":false,"unsigned":false},{"name":"alternative_text","type":"string","args":[],"defaultTo":null,"notNullable":false,"unsigned":false},{"name":"caption","type":"string","args":[],"defaultTo":null,"notNullable":false,"unsigned":false},{"name":"width","type":"integer","args":[],"defaultTo":null,"notNullable":false,"unsigned":false},{"name":"height","type":"integer","args":[],"defaultTo":null,"notNullable":false,"unsigned":false},{"name":"formats","type":"jsonb","args":[],"defaultTo":null,"notNullable":false,"unsigned":false},{"name":"hash","type":"string","args":[],"defaultTo":null,"notNullable":false,"unsigned":false},{"name":"ext","type":"string","args":[],"defaultTo":null,"notNullable":false,"unsigned":false},{"name":"mime","type":"string","args":[],"defaultTo":null,"notNullable":false,"unsigned":false},{"name":"size","type":"decimal","args":[10,2],"defaultTo":null,"notNullable":false,"unsigned":false},{"name":"url","type":"string","args":[],"defaultTo":null,"notNullable":false,"unsigned":false},{"name":"preview_url","type":"string","args":[],"defaultTo":null,"notNullable":false,"unsigned":false},{"name":"provider","type":"string","args":[],"defaultTo":null,"notNullable":false,"unsigned":false},{"name":"provider_metadata","type":"jsonb","args":[],"defaultTo":null,"notNullable":false,"unsigned":false},{"name":"folder_path","type":"string","args":[],"defaultTo":null,"notNullable":false,"unsigned":false},{"name":"created_at","type":"datetime","args":[{"useTz":false,"precision":6}],"defaultTo":null,"notNullable":false,"unsigned":false},{"name":"updated_at","type":"datetime","args":[{"useTz":false,"precision":6}],"defaultTo":null,"notNullable":false,"unsigned":false},{"name":"published_at","type":"datetime","args":[{"useTz":false,"precision":6}],"defaultTo":null,"notNullable":false,"unsigned":false},{"name":"created_by_id","type":"integer","args":[],"defaultTo":null,"notNullable":false,"unsigned":true},{"name":"updated_by_id","type":"integer","args":[],"defaultTo":null,"notNullable":false,"unsigned":true},{"name":"locale","type":"string","args":[],"defaultTo":null,"notNullable":false,"unsigned":false}]},{"name":"upload_folders","indexes":[{"name":"upload_folders_path_id_index","columns":["path_id"],"type":"unique"},{"name":"upload_folders_path_index","columns":["path"],"type":"unique"},{"name":"upload_folders_documents_idx","columns":["document_id","locale","published_at"]},{"name":"upload_folders_created_by_id_fk","columns":["created_by_id"]},{"name":"upload_folders_updated_by_id_fk","columns":["updated_by_id"]}],"foreignKeys":[{"name":"upload_folders_created_by_id_fk","columns":["created_by_id"],"referencedTable":"admin_users","referencedColumns":["id"],"onDelete":"SET NULL"},{"name":"upload_folders_updated_by_id_fk","columns":["updated_by_id"],"referencedTable":"admin_users","referencedColumns":["id"],"onDelete":"SET NULL"}],"columns":[{"name":"id","type":"increments","args":[{"primary":true,"primaryKey":true}],"defaultTo":null,"notNullable":true,"unsigned":false},{"name":"document_id","type":"string","args":[],"defaultTo":null,"notNullable":false,"unsigned":false},{"name":"name","type":"string","args":[],"defaultTo":null,"notNullable":false,"unsigned":false},{"name":"path_id","type":"integer","args":[],"defaultTo":null,"notNullable":false,"unsigned":false},{"name":"path","type":"string","args":[],"defaultTo":null,"notNullable":false,"unsigned":false},{"name":"created_at","type":"datetime","args":[{"useTz":false,"precision":6}],"defaultTo":null,"notNullable":false,"unsigned":false},{"name":"updated_at","type":"datetime","args":[{"useTz":false,"precision":6}],"defaultTo":null,"notNullable":false,"unsigned":false},{"name":"published_at","type":"datetime","args":[{"useTz":false,"precision":6}],"defaultTo":null,"notNullable":false,"unsigned":false},{"name":"created_by_id","type":"integer","args":[],"defaultTo":null,"notNullable":false,"unsigned":true},{"name":"updated_by_id","type":"integer","args":[],"defaultTo":null,"notNullable":false,"unsigned":true},{"name":"locale","type":"string","args":[],"defaultTo":null,"notNullable":false,"unsigned":false}]},{"name":"i18n_locale","indexes":[{"name":"i18n_locale_documents_idx","columns":["document_id","locale","published_at"]},{"name":"i18n_locale_created_by_id_fk","columns":["created_by_id"]},{"name":"i18n_locale_updated_by_id_fk","columns":["updated_by_id"]}],"foreignKeys":[{"name":"i18n_locale_created_by_id_fk","columns":["created_by_id"],"referencedTable":"admin_users","referencedColumns":["id"],"onDelete":"SET NULL"},{"name":"i18n_locale_updated_by_id_fk","columns":["updated_by_id"],"referencedTable":"admin_users","referencedColumns":["id"],"onDelete":"SET NULL"}],"columns":[{"name":"id","type":"increments","args":[{"primary":true,"primaryKey":true}],"defaultTo":null,"notNullable":true,"unsigned":false},{"name":"document_id","type":"string","args":[],"defaultTo":null,"notNullable":false,"unsigned":false},{"name":"name","type":"string","args":[],"defaultTo":null,"notNullable":false,"unsigned":false},{"name":"code","type":"string","args":[],"defaultTo":null,"notNullable":false,"unsigned":false},{"name":"created_at","type":"datetime","args":[{"useTz":false,"precision":6}],"defaultTo":null,"notNullable":false,"unsigned":false},{"name":"updated_at","type":"datetime","args":[{"useTz":false,"precision":6}],"defaultTo":null,"notNullable":false,"unsigned":false},{"name":"published_at","type":"datetime","args":[{"useTz":false,"precision":6}],"defaultTo":null,"notNullable":false,"unsigned":false},{"name":"created_by_id","type":"integer","args":[],"defaultTo":null,"notNullable":false,"unsigned":true},{"name":"updated_by_id","type":"integer","args":[],"defaultTo":null,"notNullable":false,"unsigned":true},{"name":"locale","type":"string","args":[],"defaultTo":null,"notNullable":false,"unsigned":false}]},{"name":"strapi_releases","indexes":[{"name":"strapi_releases_documents_idx","columns":["document_id","locale","published_at"]},{"name":"strapi_releases_created_by_id_fk","columns":["created_by_id"]},{"name":"strapi_releases_updated_by_id_fk","columns":["updated_by_id"]}],"foreignKeys":[{"name":"strapi_releases_created_by_id_fk","columns":["created_by_id"],"referencedTable":"admin_users","referencedColumns":["id"],"onDelete":"SET NULL"},{"name":"strapi_releases_updated_by_id_fk","columns":["updated_by_id"],"referencedTable":"admin_users","referencedColumns":["id"],"onDelete":"SET NULL"}],"columns":[{"name":"id","type":"increments","args":[{"primary":true,"primaryKey":true}],"defaultTo":null,"notNullable":true,"unsigned":false},{"name":"document_id","type":"string","args":[],"defaultTo":null,"notNullable":false,"unsigned":false},{"name":"name","type":"string","args":[],"defaultTo":null,"notNullable":false,"unsigned":false},{"name":"released_at","type":"datetime","args":[{"useTz":false,"precision":6}],"defaultTo":null,"notNullable":false,"unsigned":false},{"name":"scheduled_at","type":"datetime","args":[{"useTz":false,"precision":6}],"defaultTo":null,"notNullable":false,"unsigned":false},{"name":"timezone","type":"string","args":[],"defaultTo":null,"notNullable":false,"unsigned":false},{"name":"status","type":"string","args":[],"defaultTo":null,"notNullable":false,"unsigned":false},{"name":"created_at","type":"datetime","args":[{"useTz":false,"precision":6}],"defaultTo":null,"notNullable":false,"unsigned":false},{"name":"updated_at","type":"datetime","args":[{"useTz":false,"precision":6}],"defaultTo":null,"notNullable":false,"unsigned":false},{"name":"published_at","type":"datetime","args":[{"useTz":false,"precision":6}],"defaultTo":null,"notNullable":false,"unsigned":false},{"name":"created_by_id","type":"integer","args":[],"defaultTo":null,"notNullable":false,"unsigned":true},{"name":"updated_by_id","type":"integer","args":[],"defaultTo":null,"notNullable":false,"unsigned":true},{"name":"locale","type":"string","args":[],"defaultTo":null,"notNullable":false,"unsigned":false}]},{"name":"strapi_release_actions","indexes":[{"name":"strapi_release_actions_documents_idx","columns":["document_id","locale","published_at"]},{"name":"strapi_release_actions_created_by_id_fk","columns":["created_by_id"]},{"name":"strapi_release_actions_updated_by_id_fk","columns":["updated_by_id"]}],"foreignKeys":[{"name":"strapi_release_actions_created_by_id_fk","columns":["created_by_id"],"referencedTable":"admin_users","referencedColumns":["id"],"onDelete":"SET NULL"},{"name":"strapi_release_actions_updated_by_id_fk","columns":["updated_by_id"],"referencedTable":"admin_users","referencedColumns":["id"],"onDelete":"SET NULL"}],"columns":[{"name":"id","type":"increments","args":[{"primary":true,"primaryKey":true}],"defaultTo":null,"notNullable":true,"unsigned":false},{"name":"document_id","type":"string","args":[],"defaultTo":null,"notNullable":false,"unsigned":false},{"name":"type","type":"string","args":[],"defaultTo":null,"notNullable":false,"unsigned":false},{"name":"content_type","type":"string","args":[],"defaultTo":null,"notNullable":false,"unsigned":false},{"name":"entry_document_id","type":"string","args":[],"defaultTo":null,"notNullable":false,"unsigned":false},{"name":"locale","type":"string","args":[],"defaultTo":null,"notNullable":false,"unsigned":false},{"name":"is_entry_valid","type":"boolean","args":[],"defaultTo":null,"notNullable":false,"unsigned":false},{"name":"created_at","type":"datetime","args":[{"useTz":false,"precision":6}],"defaultTo":null,"notNullable":false,"unsigned":false},{"name":"updated_at","type":"datetime","args":[{"useTz":false,"precision":6}],"defaultTo":null,"notNullable":false,"unsigned":false},{"name":"published_at","type":"datetime","args":[{"useTz":false,"precision":6}],"defaultTo":null,"notNullable":false,"unsigned":false},{"name":"created_by_id","type":"integer","args":[],"defaultTo":null,"notNullable":false,"unsigned":true},{"name":"updated_by_id","type":"integer","args":[],"defaultTo":null,"notNullable":false,"unsigned":true}]},{"name":"strapi_workflows","indexes":[{"name":"strapi_workflows_documents_idx","columns":["document_id","locale","published_at"]},{"name":"strapi_workflows_created_by_id_fk","columns":["created_by_id"]},{"name":"strapi_workflows_updated_by_id_fk","columns":["updated_by_id"]}],"foreignKeys":[{"name":"strapi_workflows_created_by_id_fk","columns":["created_by_id"],"referencedTable":"admin_users","referencedColumns":["id"],"onDelete":"SET NULL"},{"name":"strapi_workflows_updated_by_id_fk","columns":["updated_by_id"],"referencedTable":"admin_users","referencedColumns":["id"],"onDelete":"SET NULL"}],"columns":[{"name":"id","type":"increments","args":[{"primary":true,"primaryKey":true}],"defaultTo":null,"notNullable":true,"unsigned":false},{"name":"document_id","type":"string","args":[],"defaultTo":null,"notNullable":false,"unsigned":false},{"name":"name","type":"string","args":[],"defaultTo":null,"notNullable":false,"unsigned":false},{"name":"content_types","type":"jsonb","args":[],"defaultTo":null,"notNullable":false,"unsigned":false},{"name":"created_at","type":"datetime","args":[{"useTz":false,"precision":6}],"defaultTo":null,"notNullable":false,"unsigned":false},{"name":"updated_at","type":"datetime","args":[{"useTz":false,"precision":6}],"defaultTo":null,"notNullable":false,"unsigned":false},{"name":"published_at","type":"datetime","args":[{"useTz":false,"precision":6}],"defaultTo":null,"notNullable":false,"unsigned":false},{"name":"created_by_id","type":"integer","args":[],"defaultTo":null,"notNullable":false,"unsigned":true},{"name":"updated_by_id","type":"integer","args":[],"defaultTo":null,"notNullable":false,"unsigned":true},{"name":"locale","type":"string","args":[],"defaultTo":null,"notNullable":false,"unsigned":false}]},{"name":"strapi_workflows_stages","indexes":[{"name":"strapi_workflows_stages_documents_idx","columns":["document_id","locale","published_at"]},{"name":"strapi_workflows_stages_created_by_id_fk","columns":["created_by_id"]},{"name":"strapi_workflows_stages_updated_by_id_fk","columns":["updated_by_id"]}],"foreignKeys":[{"name":"strapi_workflows_stages_created_by_id_fk","columns":["created_by_id"],"referencedTable":"admin_users","referencedColumns":["id"],"onDelete":"SET NULL"},{"name":"strapi_workflows_stages_updated_by_id_fk","columns":["updated_by_id"],"referencedTable":"admin_users","referencedColumns":["id"],"onDelete":"SET NULL"}],"columns":[{"name":"id","type":"increments","args":[{"primary":true,"primaryKey":true}],"defaultTo":null,"notNullable":true,"unsigned":false},{"name":"document_id","type":"string","args":[],"defaultTo":null,"notNullable":false,"unsigned":false},{"name":"name","type":"string","args":[],"defaultTo":null,"notNullable":false,"unsigned":false},{"name":"color","type":"string","args":[],"defaultTo":null,"notNullable":false,"unsigned":false},{"name":"created_at","type":"datetime","args":[{"useTz":false,"precision":6}],"defaultTo":null,"notNullable":false,"unsigned":false},{"name":"updated_at","type":"datetime","args":[{"useTz":false,"precision":6}],"defaultTo":null,"notNullable":false,"unsigned":false},{"name":"published_at","type":"datetime","args":[{"useTz":false,"precision":6}],"defaultTo":null,"notNullable":false,"unsigned":false},{"name":"created_by_id","type":"integer","args":[],"defaultTo":null,"notNullable":false,"unsigned":true},{"name":"updated_by_id","type":"integer","args":[],"defaultTo":null,"notNullable":false,"unsigned":true},{"name":"locale","type":"string","args":[],"defaultTo":null,"notNullable":false,"unsigned":false}]},{"name":"up_permissions","indexes":[{"name":"up_permissions_documents_idx","columns":["document_id","locale","published_at"]},{"name":"up_permissions_created_by_id_fk","columns":["created_by_id"]},{"name":"up_permissions_updated_by_id_fk","columns":["updated_by_id"]}],"foreignKeys":[{"name":"up_permissions_created_by_id_fk","columns":["created_by_id"],"referencedTable":"admin_users","referencedColumns":["id"],"onDelete":"SET NULL"},{"name":"up_permissions_updated_by_id_fk","columns":["updated_by_id"],"referencedTable":"admin_users","referencedColumns":["id"],"onDelete":"SET NULL"}],"columns":[{"name":"id","type":"increments","args":[{"primary":true,"primaryKey":true}],"defaultTo":null,"notNullable":true,"unsigned":false},{"name":"document_id","type":"string","args":[],"defaultTo":null,"notNullable":false,"unsigned":false},{"name":"action","type":"string","args":[],"defaultTo":null,"notNullable":false,"unsigned":false},{"name":"created_at","type":"datetime","args":[{"useTz":false,"precision":6}],"defaultTo":null,"notNullable":false,"unsigned":false},{"name":"updated_at","type":"datetime","args":[{"useTz":false,"precision":6}],"defaultTo":null,"notNullable":false,"unsigned":false},{"name":"published_at","type":"datetime","args":[{"useTz":false,"precision":6}],"defaultTo":null,"notNullable":false,"unsigned":false},{"name":"created_by_id","type":"integer","args":[],"defaultTo":null,"notNullable":false,"unsigned":true},{"name":"updated_by_id","type":"integer","args":[],"defaultTo":null,"notNullable":false,"unsigned":true},{"name":"locale","type":"string","args":[],"defaultTo":null,"notNullable":false,"unsigned":false}]},{"name":"up_roles","indexes":[{"name":"up_roles_documents_idx","columns":["document_id","locale","published_at"]},{"name":"up_roles_created_by_id_fk","columns":["created_by_id"]},{"name":"up_roles_updated_by_id_fk","columns":["updated_by_id"]}],"foreignKeys":[{"name":"up_roles_created_by_id_fk","columns":["created_by_id"],"referencedTable":"admin_users","referencedColumns":["id"],"onDelete":"SET NULL"},{"name":"up_roles_updated_by_id_fk","columns":["updated_by_id"],"referencedTable":"admin_users","referencedColumns":["id"],"onDelete":"SET NULL"}],"columns":[{"name":"id","type":"increments","args":[{"primary":true,"primaryKey":true}],"defaultTo":null,"notNullable":true,"unsigned":false},{"name":"document_id","type":"string","args":[],"defaultTo":null,"notNullable":false,"unsigned":false},{"name":"name","type":"string","args":[],"defaultTo":null,"notNullable":false,"unsigned":false},{"name":"description","type":"string","args":[],"defaultTo":null,"notNullable":false,"unsigned":false},{"name":"type","type":"string","args":[],"defaultTo":null,"notNullable":false,"unsigned":false},{"name":"created_at","type":"datetime","args":[{"useTz":false,"precision":6}],"defaultTo":null,"notNullable":false,"unsigned":false},{"name":"updated_at","type":"datetime","args":[{"useTz":false,"precision":6}],"defaultTo":null,"notNullable":false,"unsigned":false},{"name":"published_at","type":"datetime","args":[{"useTz":false,"precision":6}],"defaultTo":null,"notNullable":false,"unsigned":false},{"name":"created_by_id","type":"integer","args":[],"defaultTo":null,"notNullable":false,"unsigned":true},{"name":"updated_by_id","type":"integer","args":[],"defaultTo":null,"notNullable":false,"unsigned":true},{"name":"locale","type":"string","args":[],"defaultTo":null,"notNullable":false,"unsigned":false}]},{"name":"up_users","indexes":[{"name":"up_users_documents_idx","columns":["document_id","locale","published_at"]},{"name":"up_users_created_by_id_fk","columns":["created_by_id"]},{"name":"up_users_updated_by_id_fk","columns":["updated_by_id"]}],"foreignKeys":[{"name":"up_users_created_by_id_fk","columns":["created_by_id"],"referencedTable":"admin_users","referencedColumns":["id"],"onDelete":"SET NULL"},{"name":"up_users_updated_by_id_fk","columns":["updated_by_id"],"referencedTable":"admin_users","referencedColumns":["id"],"onDelete":"SET NULL"}],"columns":[{"name":"id","type":"increments","args":[{"primary":true,"primaryKey":true}],"defaultTo":null,"notNullable":true,"unsigned":false},{"name":"document_id","type":"string","args":[],"defaultTo":null,"notNullable":false,"unsigned":false},{"name":"username","type":"string","args":[],"defaultTo":null,"notNullable":false,"unsigned":false},{"name":"email","type":"string","args":[],"defaultTo":null,"notNullable":false,"unsigned":false},{"name":"provider","type":"string","args":[],"defaultTo":null,"notNullable":false,"unsigned":false},{"name":"password","type":"string","args":[],"defaultTo":null,"notNullable":false,"unsigned":false},{"name":"reset_password_token","type":"string","args":[],"defaultTo":null,"notNullable":false,"unsigned":false},{"name":"confirmation_token","type":"string","args":[],"defaultTo":null,"notNullable":false,"unsigned":false},{"name":"confirmed","type":"boolean","args":[],"defaultTo":null,"notNullable":false,"unsigned":false},{"name":"blocked","type":"boolean","args":[],"defaultTo":null,"notNullable":false,"unsigned":false},{"name":"created_at","type":"datetime","args":[{"useTz":false,"precision":6}],"defaultTo":null,"notNullable":false,"unsigned":false},{"name":"updated_at","type":"datetime","args":[{"useTz":false,"precision":6}],"defaultTo":null,"notNullable":false,"unsigned":false},{"name":"published_at","type":"datetime","args":[{"useTz":false,"precision":6}],"defaultTo":null,"notNullable":false,"unsigned":false},{"name":"created_by_id","type":"integer","args":[],"defaultTo":null,"notNullable":false,"unsigned":true},{"name":"updated_by_id","type":"integer","args":[],"defaultTo":null,"notNullable":false,"unsigned":true},{"name":"locale","type":"string","args":[],"defaultTo":null,"notNullable":false,"unsigned":false}]},{"name":"amigurumis","indexes":[{"name":"amigurumis_documents_idx","columns":["document_id","locale","published_at"]},{"name":"amigurumis_created_by_id_fk","columns":["created_by_id"]},{"name":"amigurumis_updated_by_id_fk","columns":["updated_by_id"]}],"foreignKeys":[{"name":"amigurumis_created_by_id_fk","columns":["created_by_id"],"referencedTable":"admin_users","referencedColumns":["id"],"onDelete":"SET NULL"},{"name":"amigurumis_updated_by_id_fk","columns":["updated_by_id"],"referencedTable":"admin_users","referencedColumns":["id"],"onDelete":"SET NULL"}],"columns":[{"name":"id","type":"increments","args":[{"primary":true,"primaryKey":true}],"defaultTo":null,"notNullable":true,"unsigned":false},{"name":"document_id","type":"string","args":[],"defaultTo":null,"notNullable":false,"unsigned":false},{"name":"text","type":"text","args":["longtext"],"defaultTo":null,"notNullable":false,"unsigned":false},{"name":"title","type":"string","args":[],"defaultTo":null,"notNullable":false,"unsigned":false},{"name":"created_at","type":"datetime","args":[{"useTz":false,"precision":6}],"defaultTo":null,"notNullable":false,"unsigned":false},{"name":"updated_at","type":"datetime","args":[{"useTz":false,"precision":6}],"defaultTo":null,"notNullable":false,"unsigned":false},{"name":"published_at","type":"datetime","args":[{"useTz":false,"precision":6}],"defaultTo":null,"notNullable":false,"unsigned":false},{"name":"created_by_id","type":"integer","args":[],"defaultTo":null,"notNullable":false,"unsigned":true},{"name":"updated_by_id","type":"integer","args":[],"defaultTo":null,"notNullable":false,"unsigned":true},{"name":"locale","type":"string","args":[],"defaultTo":null,"notNullable":false,"unsigned":false}]},{"name":"heroes","indexes":[{"name":"heroes_documents_idx","columns":["document_id","locale","published_at"]},{"name":"heroes_created_by_id_fk","columns":["created_by_id"]},{"name":"heroes_updated_by_id_fk","columns":["updated_by_id"]}],"foreignKeys":[{"name":"heroes_created_by_id_fk","columns":["created_by_id"],"referencedTable":"admin_users","referencedColumns":["id"],"onDelete":"SET NULL"},{"name":"heroes_updated_by_id_fk","columns":["updated_by_id"],"referencedTable":"admin_users","referencedColumns":["id"],"onDelete":"SET NULL"}],"columns":[{"name":"id","type":"increments","args":[{"primary":true,"primaryKey":true}],"defaultTo":null,"notNullable":true,"unsigned":false},{"name":"document_id","type":"string","args":[],"defaultTo":null,"notNullable":false,"unsigned":false},{"name":"title","type":"string","args":[],"defaultTo":null,"notNullable":false,"unsigned":false},{"name":"description","type":"text","args":["longtext"],"defaultTo":null,"notNullable":false,"unsigned":false},{"name":"button","type":"string","args":[],"defaultTo":null,"notNullable":false,"unsigned":false},{"name":"created_at","type":"datetime","args":[{"useTz":false,"precision":6}],"defaultTo":null,"notNullable":false,"unsigned":false},{"name":"updated_at","type":"datetime","args":[{"useTz":false,"precision":6}],"defaultTo":null,"notNullable":false,"unsigned":false},{"name":"published_at","type":"datetime","args":[{"useTz":false,"precision":6}],"defaultTo":null,"notNullable":false,"unsigned":false},{"name":"created_by_id","type":"integer","args":[],"defaultTo":null,"notNullable":false,"unsigned":true},{"name":"updated_by_id","type":"integer","args":[],"defaultTo":null,"notNullable":false,"unsigned":true},{"name":"locale","type":"string","args":[],"defaultTo":null,"notNullable":false,"unsigned":false}]},{"name":"mintaks","indexes":[{"name":"mintaks_documents_idx","columns":["document_id","locale","published_at"]},{"name":"mintaks_created_by_id_fk","columns":["created_by_id"]},{"name":"mintaks_updated_by_id_fk","columns":["updated_by_id"]}],"foreignKeys":[{"name":"mintaks_created_by_id_fk","columns":["created_by_id"],"referencedTable":"admin_users","referencedColumns":["id"],"onDelete":"SET NULL"},{"name":"mintaks_updated_by_id_fk","columns":["updated_by_id"],"referencedTable":"admin_users","referencedColumns":["id"],"onDelete":"SET NULL"}],"columns":[{"name":"id","type":"increments","args":[{"primary":true,"primaryKey":true}],"defaultTo":null,"notNullable":true,"unsigned":false},{"name":"document_id","type":"string","args":[],"defaultTo":null,"notNullable":false,"unsigned":false},{"name":"title","type":"string","args":[],"defaultTo":null,"notNullable":false,"unsigned":false},{"name":"slug","type":"string","args":[],"defaultTo":null,"notNullable":false,"unsigned":false},{"name":"leiras","type":"text","args":["longtext"],"defaultTo":null,"notNullable":false,"unsigned":false},{"name":"bovebben","type":"text","args":["longtext"],"defaultTo":null,"notNullable":false,"unsigned":false},{"name":"created_at","type":"datetime","args":[{"useTz":false,"precision":6}],"defaultTo":null,"notNullable":false,"unsigned":false},{"name":"updated_at","type":"datetime","args":[{"useTz":false,"precision":6}],"defaultTo":null,"notNullable":false,"unsigned":false},{"name":"published_at","type":"datetime","args":[{"useTz":false,"precision":6}],"defaultTo":null,"notNullable":false,"unsigned":false},{"name":"created_by_id","type":"integer","args":[],"defaultTo":null,"notNullable":false,"unsigned":true},{"name":"updated_by_id","type":"integer","args":[],"defaultTo":null,"notNullable":false,"unsigned":true},{"name":"locale","type":"string","args":[],"defaultTo":null,"notNullable":false,"unsigned":false}]},{"name":"navitems","indexes":[{"name":"navitems_documents_idx","columns":["document_id","locale","published_at"]},{"name":"navitems_created_by_id_fk","columns":["created_by_id"]},{"name":"navitems_updated_by_id_fk","columns":["updated_by_id"]}],"foreignKeys":[{"name":"navitems_created_by_id_fk","columns":["created_by_id"],"referencedTable":"admin_users","referencedColumns":["id"],"onDelete":"SET NULL"},{"name":"navitems_updated_by_id_fk","columns":["updated_by_id"],"referencedTable":"admin_users","referencedColumns":["id"],"onDelete":"SET NULL"}],"columns":[{"name":"id","type":"increments","args":[{"primary":true,"primaryKey":true}],"defaultTo":null,"notNullable":true,"unsigned":false},{"name":"document_id","type":"string","args":[],"defaultTo":null,"notNullable":false,"unsigned":false},{"name":"name","type":"string","args":[],"defaultTo":null,"notNullable":false,"unsigned":false},{"name":"slug","type":"string","args":[],"defaultTo":null,"notNullable":false,"unsigned":false},{"name":"order","type":"integer","args":[],"defaultTo":null,"notNullable":false,"unsigned":false},{"name":"created_at","type":"datetime","args":[{"useTz":false,"precision":6}],"defaultTo":null,"notNullable":false,"unsigned":false},{"name":"updated_at","type":"datetime","args":[{"useTz":false,"precision":6}],"defaultTo":null,"notNullable":false,"unsigned":false},{"name":"published_at","type":"datetime","args":[{"useTz":false,"precision":6}],"defaultTo":null,"notNullable":false,"unsigned":false},{"name":"created_by_id","type":"integer","args":[],"defaultTo":null,"notNullable":false,"unsigned":true},{"name":"updated_by_id","type":"integer","args":[],"defaultTo":null,"notNullable":false,"unsigned":true},{"name":"locale","type":"string","args":[],"defaultTo":null,"notNullable":false,"unsigned":false}]},{"name":"welcomes","indexes":[{"name":"welcomes_documents_idx","columns":["document_id","locale","published_at"]},{"name":"welcomes_created_by_id_fk","columns":["created_by_id"]},{"name":"welcomes_updated_by_id_fk","columns":["updated_by_id"]}],"foreignKeys":[{"name":"welcomes_created_by_id_fk","columns":["created_by_id"],"referencedTable":"admin_users","referencedColumns":["id"],"onDelete":"SET NULL"},{"name":"welcomes_updated_by_id_fk","columns":["updated_by_id"],"referencedTable":"admin_users","referencedColumns":["id"],"onDelete":"SET NULL"}],"columns":[{"name":"id","type":"increments","args":[{"primary":true,"primaryKey":true}],"defaultTo":null,"notNullable":true,"unsigned":false},{"name":"document_id","type":"string","args":[],"defaultTo":null,"notNullable":false,"unsigned":false},{"name":"header","type":"string","args":[],"defaultTo":null,"notNullable":false,"unsigned":false},{"name":"paragraph_1","type":"string","args":[],"defaultTo":null,"notNullable":false,"unsigned":false},{"name":"paragraph_2","type":"string","args":[],"defaultTo":null,"notNullable":false,"unsigned":false},{"name":"question_1","type":"string","args":[],"defaultTo":null,"notNullable":false,"unsigned":false},{"name":"paragraph_3","type":"string","args":[],"defaultTo":null,"notNullable":false,"unsigned":false},{"name":"question_2","type":"string","args":[],"defaultTo":null,"notNullable":false,"unsigned":false},{"name":"paragraph_4","type":"string","args":[],"defaultTo":null,"notNullable":false,"unsigned":false},{"name":"paragraph_5","type":"string","args":[],"defaultTo":null,"notNullable":false,"unsigned":false},{"name":"paragraph_6","type":"string","args":[],"defaultTo":null,"notNullable":false,"unsigned":false},{"name":"greeting_prefix","type":"string","args":[],"defaultTo":null,"notNullable":false,"unsigned":false},{"name":"highlighted_text","type":"string","args":[],"defaultTo":null,"notNullable":false,"unsigned":false},{"name":"greeting_suffix","type":"string","args":[],"defaultTo":null,"notNullable":false,"unsigned":false},{"name":"created_at","type":"datetime","args":[{"useTz":false,"precision":6}],"defaultTo":null,"notNullable":false,"unsigned":false},{"name":"updated_at","type":"datetime","args":[{"useTz":false,"precision":6}],"defaultTo":null,"notNullable":false,"unsigned":false},{"name":"published_at","type":"datetime","args":[{"useTz":false,"precision":6}],"defaultTo":null,"notNullable":false,"unsigned":false},{"name":"created_by_id","type":"integer","args":[],"defaultTo":null,"notNullable":false,"unsigned":true},{"name":"updated_by_id","type":"integer","args":[],"defaultTo":null,"notNullable":false,"unsigned":true},{"name":"locale","type":"string","args":[],"defaultTo":null,"notNullable":false,"unsigned":false}]},{"name":"admin_permissions","indexes":[{"name":"admin_permissions_documents_idx","columns":["document_id","locale","published_at"]},{"name":"admin_permissions_created_by_id_fk","columns":["created_by_id"]},{"name":"admin_permissions_updated_by_id_fk","columns":["updated_by_id"]}],"foreignKeys":[{"name":"admin_permissions_created_by_id_fk","columns":["created_by_id"],"referencedTable":"admin_users","referencedColumns":["id"],"onDelete":"SET NULL"},{"name":"admin_permissions_updated_by_id_fk","columns":["updated_by_id"],"referencedTable":"admin_users","referencedColumns":["id"],"onDelete":"SET NULL"}],"columns":[{"name":"id","type":"increments","args":[{"primary":true,"primaryKey":true}],"defaultTo":null,"notNullable":true,"unsigned":false},{"name":"document_id","type":"string","args":[],"defaultTo":null,"notNullable":false,"unsigned":false},{"name":"action","type":"string","args":[],"defaultTo":null,"notNullable":false,"unsigned":false},{"name":"action_parameters","type":"jsonb","args":[],"defaultTo":null,"notNullable":false,"unsigned":false},{"name":"subject","type":"string","args":[],"defaultTo":null,"notNullable":false,"unsigned":false},{"name":"properties","type":"jsonb","args":[],"defaultTo":null,"notNullable":false,"unsigned":false},{"name":"conditions","type":"jsonb","args":[],"defaultTo":null,"notNullable":false,"unsigned":false},{"name":"created_at","type":"datetime","args":[{"useTz":false,"precision":6}],"defaultTo":null,"notNullable":false,"unsigned":false},{"name":"updated_at","type":"datetime","args":[{"useTz":false,"precision":6}],"defaultTo":null,"notNullable":false,"unsigned":false},{"name":"published_at","type":"datetime","args":[{"useTz":false,"precision":6}],"defaultTo":null,"notNullable":false,"unsigned":false},{"name":"created_by_id","type":"integer","args":[],"defaultTo":null,"notNullable":false,"unsigned":true},{"name":"updated_by_id","type":"integer","args":[],"defaultTo":null,"notNullable":false,"unsigned":true},{"name":"locale","type":"string","args":[],"defaultTo":null,"notNullable":false,"unsigned":false}]},{"name":"admin_users","indexes":[{"name":"admin_users_documents_idx","columns":["document_id","locale","published_at"]},{"name":"admin_users_created_by_id_fk","columns":["created_by_id"]},{"name":"admin_users_updated_by_id_fk","columns":["updated_by_id"]}],"foreignKeys":[{"name":"admin_users_created_by_id_fk","columns":["created_by_id"],"referencedTable":"admin_users","referencedColumns":["id"],"onDelete":"SET NULL"},{"name":"admin_users_updated_by_id_fk","columns":["updated_by_id"],"referencedTable":"admin_users","referencedColumns":["id"],"onDelete":"SET NULL"}],"columns":[{"name":"id","type":"increments","args":[{"primary":true,"primaryKey":true}],"defaultTo":null,"notNullable":true,"unsigned":false},{"name":"document_id","type":"string","args":[],"defaultTo":null,"notNullable":false,"unsigned":false},{"name":"firstname","type":"string","args":[],"defaultTo":null,"notNullable":false,"unsigned":false},{"name":"lastname","type":"string","args":[],"defaultTo":null,"notNullable":false,"unsigned":false},{"name":"username","type":"string","args":[],"defaultTo":null,"notNullable":false,"unsigned":false},{"name":"email","type":"string","args":[],"defaultTo":null,"notNullable":false,"unsigned":false},{"name":"password","type":"string","args":[],"defaultTo":null,"notNullable":false,"unsigned":false},{"name":"reset_password_token","type":"string","args":[],"defaultTo":null,"notNullable":false,"unsigned":false},{"name":"registration_token","type":"string","args":[],"defaultTo":null,"notNullable":false,"unsigned":false},{"name":"is_active","type":"boolean","args":[],"defaultTo":null,"notNullable":false,"unsigned":false},{"name":"blocked","type":"boolean","args":[],"defaultTo":null,"notNullable":false,"unsigned":false},{"name":"prefered_language","type":"string","args":[],"defaultTo":null,"notNullable":false,"unsigned":false},{"name":"created_at","type":"datetime","args":[{"useTz":false,"precision":6}],"defaultTo":null,"notNullable":false,"unsigned":false},{"name":"updated_at","type":"datetime","args":[{"useTz":false,"precision":6}],"defaultTo":null,"notNullable":false,"unsigned":false},{"name":"published_at","type":"datetime","args":[{"useTz":false,"precision":6}],"defaultTo":null,"notNullable":false,"unsigned":false},{"name":"created_by_id","type":"integer","args":[],"defaultTo":null,"notNullable":false,"unsigned":true},{"name":"updated_by_id","type":"integer","args":[],"defaultTo":null,"notNullable":false,"unsigned":true},{"name":"locale","type":"string","args":[],"defaultTo":null,"notNullable":false,"unsigned":false}]},{"name":"admin_roles","indexes":[{"name":"admin_roles_documents_idx","columns":["document_id","locale","published_at"]},{"name":"admin_roles_created_by_id_fk","columns":["created_by_id"]},{"name":"admin_roles_updated_by_id_fk","columns":["updated_by_id"]}],"foreignKeys":[{"name":"admin_roles_created_by_id_fk","columns":["created_by_id"],"referencedTable":"admin_users","referencedColumns":["id"],"onDelete":"SET NULL"},{"name":"admin_roles_updated_by_id_fk","columns":["updated_by_id"],"referencedTable":"admin_users","referencedColumns":["id"],"onDelete":"SET NULL"}],"columns":[{"name":"id","type":"increments","args":[{"primary":true,"primaryKey":true}],"defaultTo":null,"notNullable":true,"unsigned":false},{"name":"document_id","type":"string","args":[],"defaultTo":null,"notNullable":false,"unsigned":false},{"name":"name","type":"string","args":[],"defaultTo":null,"notNullable":false,"unsigned":false},{"name":"code","type":"string","args":[],"defaultTo":null,"notNullable":false,"unsigned":false},{"name":"description","type":"string","args":[],"defaultTo":null,"notNullable":false,"unsigned":false},{"name":"created_at","type":"datetime","args":[{"useTz":false,"precision":6}],"defaultTo":null,"notNullable":false,"unsigned":false},{"name":"updated_at","type":"datetime","args":[{"useTz":false,"precision":6}],"defaultTo":null,"notNullable":false,"unsigned":false},{"name":"published_at","type":"datetime","args":[{"useTz":false,"precision":6}],"defaultTo":null,"notNullable":false,"unsigned":false},{"name":"created_by_id","type":"integer","args":[],"defaultTo":null,"notNullable":false,"unsigned":true},{"name":"updated_by_id","type":"integer","args":[],"defaultTo":null,"notNullable":false,"unsigned":true},{"name":"locale","type":"string","args":[],"defaultTo":null,"notNullable":false,"unsigned":false}]},{"name":"strapi_api_tokens","indexes":[{"name":"strapi_api_tokens_documents_idx","columns":["document_id","locale","published_at"]},{"name":"strapi_api_tokens_created_by_id_fk","columns":["created_by_id"]},{"name":"strapi_api_tokens_updated_by_id_fk","columns":["updated_by_id"]}],"foreignKeys":[{"name":"strapi_api_tokens_created_by_id_fk","columns":["created_by_id"],"referencedTable":"admin_users","referencedColumns":["id"],"onDelete":"SET NULL"},{"name":"strapi_api_tokens_updated_by_id_fk","columns":["updated_by_id"],"referencedTable":"admin_users","referencedColumns":["id"],"onDelete":"SET NULL"}],"columns":[{"name":"id","type":"increments","args":[{"primary":true,"primaryKey":true}],"defaultTo":null,"notNullable":true,"unsigned":false},{"name":"document_id","type":"string","args":[],"defaultTo":null,"notNullable":false,"unsigned":false},{"name":"name","type":"string","args":[],"defaultTo":null,"notNullable":false,"unsigned":false},{"name":"description","type":"string","args":[],"defaultTo":null,"notNullable":false,"unsigned":false},{"name":"type","type":"string","args":[],"defaultTo":null,"notNullable":false,"unsigned":false},{"name":"access_key","type":"string","args":[],"defaultTo":null,"notNullable":false,"unsigned":false},{"name":"last_used_at","type":"datetime","args":[{"useTz":false,"precision":6}],"defaultTo":null,"notNullable":false,"unsigned":false},{"name":"expires_at","type":"datetime","args":[{"useTz":false,"precision":6}],"defaultTo":null,"notNullable":false,"unsigned":false},{"name":"lifespan","type":"bigInteger","args":[],"defaultTo":null,"notNullable":false,"unsigned":false},{"name":"created_at","type":"datetime","args":[{"useTz":false,"precision":6}],"defaultTo":null,"notNullable":false,"unsigned":false},{"name":"updated_at","type":"datetime","args":[{"useTz":false,"precision":6}],"defaultTo":null,"notNullable":false,"unsigned":false},{"name":"published_at","type":"datetime","args":[{"useTz":false,"precision":6}],"defaultTo":null,"notNullable":false,"unsigned":false},{"name":"created_by_id","type":"integer","args":[],"defaultTo":null,"notNullable":false,"unsigned":true},{"name":"updated_by_id","type":"integer","args":[],"defaultTo":null,"notNullable":false,"unsigned":true},{"name":"locale","type":"string","args":[],"defaultTo":null,"notNullable":false,"unsigned":false}]},{"name":"strapi_api_token_permissions","indexes":[{"name":"strapi_api_token_permissions_documents_idx","columns":["document_id","locale","published_at"]},{"name":"strapi_api_token_permissions_created_by_id_fk","columns":["created_by_id"]},{"name":"strapi_api_token_permissions_updated_by_id_fk","columns":["updated_by_id"]}],"foreignKeys":[{"name":"strapi_api_token_permissions_created_by_id_fk","columns":["created_by_id"],"referencedTable":"admin_users","referencedColumns":["id"],"onDelete":"SET NULL"},{"name":"strapi_api_token_permissions_updated_by_id_fk","columns":["updated_by_id"],"referencedTable":"admin_users","referencedColumns":["id"],"onDelete":"SET NULL"}],"columns":[{"name":"id","type":"increments","args":[{"primary":true,"primaryKey":true}],"defaultTo":null,"notNullable":true,"unsigned":false},{"name":"document_id","type":"string","args":[],"defaultTo":null,"notNullable":false,"unsigned":false},{"name":"action","type":"string","args":[],"defaultTo":null,"notNullable":false,"unsigned":false},{"name":"created_at","type":"datetime","args":[{"useTz":false,"precision":6}],"defaultTo":null,"notNullable":false,"unsigned":false},{"name":"updated_at","type":"datetime","args":[{"useTz":false,"precision":6}],"defaultTo":null,"notNullable":false,"unsigned":false},{"name":"published_at","type":"datetime","args":[{"useTz":false,"precision":6}],"defaultTo":null,"notNullable":false,"unsigned":false},{"name":"created_by_id","type":"integer","args":[],"defaultTo":null,"notNullable":false,"unsigned":true},{"name":"updated_by_id","type":"integer","args":[],"defaultTo":null,"notNullable":false,"unsigned":true},{"name":"locale","type":"string","args":[],"defaultTo":null,"notNullable":false,"unsigned":false}]},{"name":"strapi_transfer_tokens","indexes":[{"name":"strapi_transfer_tokens_documents_idx","columns":["document_id","locale","published_at"]},{"name":"strapi_transfer_tokens_created_by_id_fk","columns":["created_by_id"]},{"name":"strapi_transfer_tokens_updated_by_id_fk","columns":["updated_by_id"]}],"foreignKeys":[{"name":"strapi_transfer_tokens_created_by_id_fk","columns":["created_by_id"],"referencedTable":"admin_users","referencedColumns":["id"],"onDelete":"SET NULL"},{"name":"strapi_transfer_tokens_updated_by_id_fk","columns":["updated_by_id"],"referencedTable":"admin_users","referencedColumns":["id"],"onDelete":"SET NULL"}],"columns":[{"name":"id","type":"increments","args":[{"primary":true,"primaryKey":true}],"defaultTo":null,"notNullable":true,"unsigned":false},{"name":"document_id","type":"string","args":[],"defaultTo":null,"notNullable":false,"unsigned":false},{"name":"name","type":"string","args":[],"defaultTo":null,"notNullable":false,"unsigned":false},{"name":"description","type":"string","args":[],"defaultTo":null,"notNullable":false,"unsigned":false},{"name":"access_key","type":"string","args":[],"defaultTo":null,"notNullable":false,"unsigned":false},{"name":"last_used_at","type":"datetime","args":[{"useTz":false,"precision":6}],"defaultTo":null,"notNullable":false,"unsigned":false},{"name":"expires_at","type":"datetime","args":[{"useTz":false,"precision":6}],"defaultTo":null,"notNullable":false,"unsigned":false},{"name":"lifespan","type":"bigInteger","args":[],"defaultTo":null,"notNullable":false,"unsigned":false},{"name":"created_at","type":"datetime","args":[{"useTz":false,"precision":6}],"defaultTo":null,"notNullable":false,"unsigned":false},{"name":"updated_at","type":"datetime","args":[{"useTz":false,"precision":6}],"defaultTo":null,"notNullable":false,"unsigned":false},{"name":"published_at","type":"datetime","args":[{"useTz":false,"precision":6}],"defaultTo":null,"notNullable":false,"unsigned":false},{"name":"created_by_id","type":"integer","args":[],"defaultTo":null,"notNullable":false,"unsigned":true},{"name":"updated_by_id","type":"integer","args":[],"defaultTo":null,"notNullable":false,"unsigned":true},{"name":"locale","type":"string","args":[],"defaultTo":null,"notNullable":false,"unsigned":false}]},{"name":"strapi_transfer_token_permissions","indexes":[{"name":"strapi_transfer_token_permissions_documents_idx","columns":["document_id","locale","published_at"]},{"name":"strapi_transfer_token_permissions_created_by_id_fk","columns":["created_by_id"]},{"name":"strapi_transfer_token_permissions_updated_by_id_fk","columns":["updated_by_id"]}],"foreignKeys":[{"name":"strapi_transfer_token_permissions_created_by_id_fk","columns":["created_by_id"],"referencedTable":"admin_users","referencedColumns":["id"],"onDelete":"SET NULL"},{"name":"strapi_transfer_token_permissions_updated_by_id_fk","columns":["updated_by_id"],"referencedTable":"admin_users","referencedColumns":["id"],"onDelete":"SET NULL"}],"columns":[{"name":"id","type":"increments","args":[{"primary":true,"primaryKey":true}],"defaultTo":null,"notNullable":true,"unsigned":false},{"name":"document_id","type":"string","args":[],"defaultTo":null,"notNullable":false,"unsigned":false},{"name":"action","type":"string","args":[],"defaultTo":null,"notNullable":false,"unsigned":false},{"name":"created_at","type":"datetime","args":[{"useTz":false,"precision":6}],"defaultTo":null,"notNullable":false,"unsigned":false},{"name":"updated_at","type":"datetime","args":[{"useTz":false,"precision":6}],"defaultTo":null,"notNullable":false,"unsigned":false},{"name":"published_at","type":"datetime","args":[{"useTz":false,"precision":6}],"defaultTo":null,"notNullable":false,"unsigned":false},{"name":"created_by_id","type":"integer","args":[],"defaultTo":null,"notNullable":false,"unsigned":true},{"name":"updated_by_id","type":"integer","args":[],"defaultTo":null,"notNullable":false,"unsigned":true},{"name":"locale","type":"string","args":[],"defaultTo":null,"notNullable":false,"unsigned":false}]},{"name":"components_header_cim_s","indexes":[],"foreignKeys":[],"columns":[{"name":"id","type":"increments","args":[{"primary":true,"primaryKey":true}],"defaultTo":null,"notNullable":true,"unsigned":false},{"name":"text","type":"string","args":[],"defaultTo":null,"notNullable":false,"unsigned":false}]},{"name":"strapi_core_store_settings","indexes":[],"foreignKeys":[],"columns":[{"name":"id","type":"increments","args":[{"primary":true,"primaryKey":true}],"defaultTo":null,"notNullable":true,"unsigned":false},{"name":"key","type":"string","args":[],"defaultTo":null,"notNullable":false,"unsigned":false},{"name":"value","type":"text","args":["longtext"],"defaultTo":null,"notNullable":false,"unsigned":false},{"name":"type","type":"string","args":[],"defaultTo":null,"notNullable":false,"unsigned":false},{"name":"environment","type":"string","args":[],"defaultTo":null,"notNullable":false,"unsigned":false},{"name":"tag","type":"string","args":[],"defaultTo":null,"notNullable":false,"unsigned":false}]},{"name":"strapi_webhooks","indexes":[],"foreignKeys":[],"columns":[{"name":"id","type":"increments","args":[{"primary":true,"primaryKey":true}],"defaultTo":null,"notNullable":true,"unsigned":false},{"name":"name","type":"string","args":[],"defaultTo":null,"notNullable":false,"unsigned":false},{"name":"url","type":"text","args":["longtext"],"defaultTo":null,"notNullable":false,"unsigned":false},{"name":"headers","type":"jsonb","args":[],"defaultTo":null,"notNullable":false,"unsigned":false},{"name":"events","type":"jsonb","args":[],"defaultTo":null,"notNullable":false,"unsigned":false},{"name":"enabled","type":"boolean","args":[],"defaultTo":null,"notNullable":false,"unsigned":false}]},{"name":"strapi_history_versions","indexes":[{"name":"strapi_history_versions_created_by_id_fk","columns":["created_by_id"]}],"foreignKeys":[{"name":"strapi_history_versions_created_by_id_fk","columns":["created_by_id"],"referencedTable":"admin_users","referencedColumns":["id"],"onDelete":"SET NULL"}],"columns":[{"name":"id","type":"increments","args":[{"primary":true,"primaryKey":true}],"defaultTo":null,"notNullable":true,"unsigned":false},{"name":"content_type","type":"string","args":[],"defaultTo":null,"notNullable":true,"unsigned":false},{"name":"related_document_id","type":"string","args":[],"defaultTo":null,"notNullable":false,"unsigned":false},{"name":"locale","type":"string","args":[],"defaultTo":null,"notNullable":false,"unsigned":false},{"name":"status","type":"string","args":[],"defaultTo":null,"notNullable":false,"unsigned":false},{"name":"data","type":"jsonb","args":[],"defaultTo":null,"notNullable":false,"unsigned":false},{"name":"schema","type":"jsonb","args":[],"defaultTo":null,"notNullable":false,"unsigned":false},{"name":"created_at","type":"datetime","args":[{"useTz":false,"precision":6}],"defaultTo":null,"notNullable":false,"unsigned":false},{"name":"created_by_id","type":"integer","args":[],"defaultTo":null,"notNullable":false,"unsigned":true}]},{"name":"files_related_mph","indexes":[{"name":"files_related_mph_fk","columns":["file_id"]},{"name":"files_related_mph_oidx","columns":["order"]},{"name":"files_related_mph_idix","columns":["related_id"]}],"foreignKeys":[{"name":"files_related_mph_fk","columns":["file_id"],"referencedColumns":["id"],"referencedTable":"files","onDelete":"CASCADE"}],"columns":[{"name":"id","type":"increments","args":[{"primary":true,"primaryKey":true}],"defaultTo":null,"notNullable":true,"unsigned":false},{"name":"file_id","type":"integer","args":[],"defaultTo":null,"notNullable":false,"unsigned":true},{"name":"related_id","type":"integer","args":[],"defaultTo":null,"notNullable":false,"unsigned":true},{"name":"related_type","type":"string","args":[],"defaultTo":null,"notNullable":false,"unsigned":false},{"name":"field","type":"string","args":[],"defaultTo":null,"notNullable":false,"unsigned":false},{"name":"order","type":"double","args":[],"defaultTo":null,"notNullable":false,"unsigned":true}]},{"name":"files_folder_lnk","indexes":[{"name":"files_folder_lnk_fk","columns":["file_id"]},{"name":"files_folder_lnk_ifk","columns":["folder_id"]},{"name":"files_folder_lnk_uq","columns":["file_id","folder_id"],"type":"unique"},{"name":"files_folder_lnk_oifk","columns":["file_ord"]}],"foreignKeys":[{"name":"files_folder_lnk_fk","columns":["file_id"],"referencedColumns":["id"],"referencedTable":"files","onDelete":"CASCADE"},{"name":"files_folder_lnk_ifk","columns":["folder_id"],"referencedColumns":["id"],"referencedTable":"upload_folders","onDelete":"CASCADE"}],"columns":[{"name":"id","type":"increments","args":[{"primary":true,"primaryKey":true}],"defaultTo":null,"notNullable":true,"unsigned":false},{"name":"file_id","type":"integer","args":[],"defaultTo":null,"notNullable":false,"unsigned":true},{"name":"folder_id","type":"integer","args":[],"defaultTo":null,"notNullable":false,"unsigned":true},{"name":"file_ord","type":"double","args":[],"defaultTo":null,"notNullable":false,"unsigned":true}]},{"name":"upload_folders_parent_lnk","indexes":[{"name":"upload_folders_parent_lnk_fk","columns":["folder_id"]},{"name":"upload_folders_parent_lnk_ifk","columns":["inv_folder_id"]},{"name":"upload_folders_parent_lnk_uq","columns":["folder_id","inv_folder_id"],"type":"unique"},{"name":"upload_folders_parent_lnk_oifk","columns":["folder_ord"]}],"foreignKeys":[{"name":"upload_folders_parent_lnk_fk","columns":["folder_id"],"referencedColumns":["id"],"referencedTable":"upload_folders","onDelete":"CASCADE"},{"name":"upload_folders_parent_lnk_ifk","columns":["inv_folder_id"],"referencedColumns":["id"],"referencedTable":"upload_folders","onDelete":"CASCADE"}],"columns":[{"name":"id","type":"increments","args":[{"primary":true,"primaryKey":true}],"defaultTo":null,"notNullable":true,"unsigned":false},{"name":"folder_id","type":"integer","args":[],"defaultTo":null,"notNullable":false,"unsigned":true},{"name":"inv_folder_id","type":"integer","args":[],"defaultTo":null,"notNullable":false,"unsigned":true},{"name":"folder_ord","type":"double","args":[],"defaultTo":null,"notNullable":false,"unsigned":true}]},{"name":"strapi_release_actions_release_lnk","indexes":[{"name":"strapi_release_actions_release_lnk_fk","columns":["release_action_id"]},{"name":"strapi_release_actions_release_lnk_ifk","columns":["release_id"]},{"name":"strapi_release_actions_release_lnk_uq","columns":["release_action_id","release_id"],"type":"unique"},{"name":"strapi_release_actions_release_lnk_oifk","columns":["release_action_ord"]}],"foreignKeys":[{"name":"strapi_release_actions_release_lnk_fk","columns":["release_action_id"],"referencedColumns":["id"],"referencedTable":"strapi_release_actions","onDelete":"CASCADE"},{"name":"strapi_release_actions_release_lnk_ifk","columns":["release_id"],"referencedColumns":["id"],"referencedTable":"strapi_releases","onDelete":"CASCADE"}],"columns":[{"name":"id","type":"increments","args":[{"primary":true,"primaryKey":true}],"defaultTo":null,"notNullable":true,"unsigned":false},{"name":"release_action_id","type":"integer","args":[],"defaultTo":null,"notNullable":false,"unsigned":true},{"name":"release_id","type":"integer","args":[],"defaultTo":null,"notNullable":false,"unsigned":true},{"name":"release_action_ord","type":"double","args":[],"defaultTo":null,"notNullable":false,"unsigned":true}]},{"name":"strapi_workflows_stage_required_to_publish_lnk","indexes":[{"name":"strapi_workflows_stage_required_to_publish_lnk_fk","columns":["workflow_id"]},{"name":"strapi_workflows_stage_required_to_publish_lnk_ifk","columns":["workflow_stage_id"]},{"name":"strapi_workflows_stage_required_to_publish_lnk_uq","columns":["workflow_id","workflow_stage_id"],"type":"unique"}],"foreignKeys":[{"name":"strapi_workflows_stage_required_to_publish_lnk_fk","columns":["workflow_id"],"referencedColumns":["id"],"referencedTable":"strapi_workflows","onDelete":"CASCADE"},{"name":"strapi_workflows_stage_required_to_publish_lnk_ifk","columns":["workflow_stage_id"],"referencedColumns":["id"],"referencedTable":"strapi_workflows_stages","onDelete":"CASCADE"}],"columns":[{"name":"id","type":"increments","args":[{"primary":true,"primaryKey":true}],"defaultTo":null,"notNullable":true,"unsigned":false},{"name":"workflow_id","type":"integer","args":[],"defaultTo":null,"notNullable":false,"unsigned":true},{"name":"workflow_stage_id","type":"integer","args":[],"defaultTo":null,"notNullable":false,"unsigned":true}]},{"name":"strapi_workflows_stages_workflow_lnk","indexes":[{"name":"strapi_workflows_stages_workflow_lnk_fk","columns":["workflow_stage_id"]},{"name":"strapi_workflows_stages_workflow_lnk_ifk","columns":["workflow_id"]},{"name":"strapi_workflows_stages_workflow_lnk_uq","columns":["workflow_stage_id","workflow_id"],"type":"unique"},{"name":"strapi_workflows_stages_workflow_lnk_oifk","columns":["workflow_stage_ord"]}],"foreignKeys":[{"name":"strapi_workflows_stages_workflow_lnk_fk","columns":["workflow_stage_id"],"referencedColumns":["id"],"referencedTable":"strapi_workflows_stages","onDelete":"CASCADE"},{"name":"strapi_workflows_stages_workflow_lnk_ifk","columns":["workflow_id"],"referencedColumns":["id"],"referencedTable":"strapi_workflows","onDelete":"CASCADE"}],"columns":[{"name":"id","type":"increments","args":[{"primary":true,"primaryKey":true}],"defaultTo":null,"notNullable":true,"unsigned":false},{"name":"workflow_stage_id","type":"integer","args":[],"defaultTo":null,"notNullable":false,"unsigned":true},{"name":"workflow_id","type":"integer","args":[],"defaultTo":null,"notNullable":false,"unsigned":true},{"name":"workflow_stage_ord","type":"double","args":[],"defaultTo":null,"notNullable":false,"unsigned":true}]},{"name":"strapi_workflows_stages_permissions_lnk","indexes":[{"name":"strapi_workflows_stages_permissions_lnk_fk","columns":["workflow_stage_id"]},{"name":"strapi_workflows_stages_permissions_lnk_ifk","columns":["permission_id"]},{"name":"strapi_workflows_stages_permissions_lnk_uq","columns":["workflow_stage_id","permission_id"],"type":"unique"},{"name":"strapi_workflows_stages_permissions_lnk_ofk","columns":["permission_ord"]}],"foreignKeys":[{"name":"strapi_workflows_stages_permissions_lnk_fk","columns":["workflow_stage_id"],"referencedColumns":["id"],"referencedTable":"strapi_workflows_stages","onDelete":"CASCADE"},{"name":"strapi_workflows_stages_permissions_lnk_ifk","columns":["permission_id"],"referencedColumns":["id"],"referencedTable":"admin_permissions","onDelete":"CASCADE"}],"columns":[{"name":"id","type":"increments","args":[{"primary":true,"primaryKey":true}],"defaultTo":null,"notNullable":true,"unsigned":false},{"name":"workflow_stage_id","type":"integer","args":[],"defaultTo":null,"notNullable":false,"unsigned":true},{"name":"permission_id","type":"integer","args":[],"defaultTo":null,"notNullable":false,"unsigned":true},{"name":"permission_ord","type":"double","args":[],"defaultTo":null,"notNullable":false,"unsigned":true}]},{"name":"up_permissions_role_lnk","indexes":[{"name":"up_permissions_role_lnk_fk","columns":["permission_id"]},{"name":"up_permissions_role_lnk_ifk","columns":["role_id"]},{"name":"up_permissions_role_lnk_uq","columns":["permission_id","role_id"],"type":"unique"},{"name":"up_permissions_role_lnk_oifk","columns":["permission_ord"]}],"foreignKeys":[{"name":"up_permissions_role_lnk_fk","columns":["permission_id"],"referencedColumns":["id"],"referencedTable":"up_permissions","onDelete":"CASCADE"},{"name":"up_permissions_role_lnk_ifk","columns":["role_id"],"referencedColumns":["id"],"referencedTable":"up_roles","onDelete":"CASCADE"}],"columns":[{"name":"id","type":"increments","args":[{"primary":true,"primaryKey":true}],"defaultTo":null,"notNullable":true,"unsigned":false},{"name":"permission_id","type":"integer","args":[],"defaultTo":null,"notNullable":false,"unsigned":true},{"name":"role_id","type":"integer","args":[],"defaultTo":null,"notNullable":false,"unsigned":true},{"name":"permission_ord","type":"double","args":[],"defaultTo":null,"notNullable":false,"unsigned":true}]},{"name":"up_users_role_lnk","indexes":[{"name":"up_users_role_lnk_fk","columns":["user_id"]},{"name":"up_users_role_lnk_ifk","columns":["role_id"]},{"name":"up_users_role_lnk_uq","columns":["user_id","role_id"],"type":"unique"},{"name":"up_users_role_lnk_oifk","columns":["user_ord"]}],"foreignKeys":[{"name":"up_users_role_lnk_fk","columns":["user_id"],"referencedColumns":["id"],"referencedTable":"up_users","onDelete":"CASCADE"},{"name":"up_users_role_lnk_ifk","columns":["role_id"],"referencedColumns":["id"],"referencedTable":"up_roles","onDelete":"CASCADE"}],"columns":[{"name":"id","type":"increments","args":[{"primary":true,"primaryKey":true}],"defaultTo":null,"notNullable":true,"unsigned":false},{"name":"user_id","type":"integer","args":[],"defaultTo":null,"notNullable":false,"unsigned":true},{"name":"role_id","type":"integer","args":[],"defaultTo":null,"notNullable":false,"unsigned":true},{"name":"user_ord","type":"double","args":[],"defaultTo":null,"notNullable":false,"unsigned":true}]},{"name":"admin_permissions_role_lnk","indexes":[{"name":"admin_permissions_role_lnk_fk","columns":["permission_id"]},{"name":"admin_permissions_role_lnk_ifk","columns":["role_id"]},{"name":"admin_permissions_role_lnk_uq","columns":["permission_id","role_id"],"type":"unique"},{"name":"admin_permissions_role_lnk_oifk","columns":["permission_ord"]}],"foreignKeys":[{"name":"admin_permissions_role_lnk_fk","columns":["permission_id"],"referencedColumns":["id"],"referencedTable":"admin_permissions","onDelete":"CASCADE"},{"name":"admin_permissions_role_lnk_ifk","columns":["role_id"],"referencedColumns":["id"],"referencedTable":"admin_roles","onDelete":"CASCADE"}],"columns":[{"name":"id","type":"increments","args":[{"primary":true,"primaryKey":true}],"defaultTo":null,"notNullable":true,"unsigned":false},{"name":"permission_id","type":"integer","args":[],"defaultTo":null,"notNullable":false,"unsigned":true},{"name":"role_id","type":"integer","args":[],"defaultTo":null,"notNullable":false,"unsigned":true},{"name":"permission_ord","type":"double","args":[],"defaultTo":null,"notNullable":false,"unsigned":true}]},{"name":"admin_users_roles_lnk","indexes":[{"name":"admin_users_roles_lnk_fk","columns":["user_id"]},{"name":"admin_users_roles_lnk_ifk","columns":["role_id"]},{"name":"admin_users_roles_lnk_uq","columns":["user_id","role_id"],"type":"unique"},{"name":"admin_users_roles_lnk_ofk","columns":["role_ord"]},{"name":"admin_users_roles_lnk_oifk","columns":["user_ord"]}],"foreignKeys":[{"name":"admin_users_roles_lnk_fk","columns":["user_id"],"referencedColumns":["id"],"referencedTable":"admin_users","onDelete":"CASCADE"},{"name":"admin_users_roles_lnk_ifk","columns":["role_id"],"referencedColumns":["id"],"referencedTable":"admin_roles","onDelete":"CASCADE"}],"columns":[{"name":"id","type":"increments","args":[{"primary":true,"primaryKey":true}],"defaultTo":null,"notNullable":true,"unsigned":false},{"name":"user_id","type":"integer","args":[],"defaultTo":null,"notNullable":false,"unsigned":true},{"name":"role_id","type":"integer","args":[],"defaultTo":null,"notNullable":false,"unsigned":true},{"name":"role_ord","type":"double","args":[],"defaultTo":null,"notNullable":false,"unsigned":true},{"name":"user_ord","type":"double","args":[],"defaultTo":null,"notNullable":false,"unsigned":true}]},{"name":"strapi_api_token_permissions_token_lnk","indexes":[{"name":"strapi_api_token_permissions_token_lnk_fk","columns":["api_token_permission_id"]},{"name":"strapi_api_token_permissions_token_lnk_ifk","columns":["api_token_id"]},{"name":"strapi_api_token_permissions_token_lnk_uq","columns":["api_token_permission_id","api_token_id"],"type":"unique"},{"name":"strapi_api_token_permissions_token_lnk_oifk","columns":["api_token_permission_ord"]}],"foreignKeys":[{"name":"strapi_api_token_permissions_token_lnk_fk","columns":["api_token_permission_id"],"referencedColumns":["id"],"referencedTable":"strapi_api_token_permissions","onDelete":"CASCADE"},{"name":"strapi_api_token_permissions_token_lnk_ifk","columns":["api_token_id"],"referencedColumns":["id"],"referencedTable":"strapi_api_tokens","onDelete":"CASCADE"}],"columns":[{"name":"id","type":"increments","args":[{"primary":true,"primaryKey":true}],"defaultTo":null,"notNullable":true,"unsigned":false},{"name":"api_token_permission_id","type":"integer","args":[],"defaultTo":null,"notNullable":false,"unsigned":true},{"name":"api_token_id","type":"integer","args":[],"defaultTo":null,"notNullable":false,"unsigned":true},{"name":"api_token_permission_ord","type":"double","args":[],"defaultTo":null,"notNullable":false,"unsigned":true}]},{"name":"strapi_transfer_token_permissions_token_lnk","indexes":[{"name":"strapi_transfer_token_permissions_token_lnk_fk","columns":["transfer_token_permission_id"]},{"name":"strapi_transfer_token_permissions_token_lnk_ifk","columns":["transfer_token_id"]},{"name":"strapi_transfer_token_permissions_token_lnk_uq","columns":["transfer_token_permission_id","transfer_token_id"],"type":"unique"},{"name":"strapi_transfer_token_permissions_token_lnk_oifk","columns":["transfer_token_permission_ord"]}],"foreignKeys":[{"name":"strapi_transfer_token_permissions_token_lnk_fk","columns":["transfer_token_permission_id"],"referencedColumns":["id"],"referencedTable":"strapi_transfer_token_permissions","onDelete":"CASCADE"},{"name":"strapi_transfer_token_permissions_token_lnk_ifk","columns":["transfer_token_id"],"referencedColumns":["id"],"referencedTable":"strapi_transfer_tokens","onDelete":"CASCADE"}],"columns":[{"name":"id","type":"increments","args":[{"primary":true,"primaryKey":true}],"defaultTo":null,"notNullable":true,"unsigned":false},{"name":"transfer_token_permission_id","type":"integer","args":[],"defaultTo":null,"notNullable":false,"unsigned":true},{"name":"transfer_token_id","type":"integer","args":[],"defaultTo":null,"notNullable":false,"unsigned":true},{"name":"transfer_token_permission_ord","type":"double","args":[],"defaultTo":null,"notNullable":false,"unsigned":true}]}]}', '2024-11-07 17:51:49', 'bfbbcd306271fb49e0e02894babaa4f9');

-- Struktúra mentése tábla fonalbaba. strapi_history_versions
CREATE TABLE IF NOT EXISTS `strapi_history_versions` (
  `id` int(10) unsigned NOT NULL AUTO_INCREMENT,
  `content_type` varchar(255) NOT NULL,
  `related_document_id` varchar(255) DEFAULT NULL,
  `locale` varchar(255) DEFAULT NULL,
  `status` varchar(255) DEFAULT NULL,
  `data` longtext CHARACTER SET utf8mb4 COLLATE utf8mb4_bin DEFAULT NULL CHECK (json_valid(`data`)),
  `schema` longtext CHARACTER SET utf8mb4 COLLATE utf8mb4_bin DEFAULT NULL CHECK (json_valid(`schema`)),
  `created_at` datetime(6) DEFAULT NULL,
  `created_by_id` int(10) unsigned DEFAULT NULL,
  PRIMARY KEY (`id`),
  KEY `strapi_history_versions_created_by_id_fk` (`created_by_id`),
  CONSTRAINT `strapi_history_versions_created_by_id_fk` FOREIGN KEY (`created_by_id`) REFERENCES `admin_users` (`id`) ON DELETE SET NULL
) ENGINE=InnoDB DEFAULT CHARSET=utf8mb4 COLLATE=utf8mb4_general_ci;

-- Tábla adatainak mentése fonalbaba.strapi_history_versions: ~0 rows (hozzávetőleg)

-- Struktúra mentése tábla fonalbaba. strapi_migrations
CREATE TABLE IF NOT EXISTS `strapi_migrations` (
  `id` int(10) unsigned NOT NULL AUTO_INCREMENT,
  `name` varchar(255) DEFAULT NULL,
  `time` datetime DEFAULT NULL,
  PRIMARY KEY (`id`)
) ENGINE=InnoDB DEFAULT CHARSET=utf8mb4 COLLATE=utf8mb4_general_ci;

-- Tábla adatainak mentése fonalbaba.strapi_migrations: ~0 rows (hozzávetőleg)

-- Struktúra mentése tábla fonalbaba. strapi_migrations_internal
CREATE TABLE IF NOT EXISTS `strapi_migrations_internal` (
  `id` int(10) unsigned NOT NULL AUTO_INCREMENT,
  `name` varchar(255) DEFAULT NULL,
  `time` datetime DEFAULT NULL,
  PRIMARY KEY (`id`)
) ENGINE=InnoDB AUTO_INCREMENT=7 DEFAULT CHARSET=utf8mb4 COLLATE=utf8mb4_general_ci;

-- Tábla adatainak mentése fonalbaba.strapi_migrations_internal: ~6 rows (hozzávetőleg)
INSERT IGNORE INTO `strapi_migrations_internal` (`id`, `name`, `time`) VALUES
	(1, '5.0.0-rename-identifiers-longer-than-max-length', '2024-11-06 21:19:22'),
	(2, '5.0.0-02-created-document-id', '2024-11-06 21:19:22'),
	(3, '5.0.0-03-created-locale', '2024-11-06 21:19:22'),
	(4, '5.0.0-04-created-published-at', '2024-11-06 21:19:22'),
	(5, '5.0.0-05-drop-slug-fields-index', '2024-11-06 21:19:22'),
	(6, 'core::5.0.0-discard-drafts', '2024-11-06 21:19:22');

-- Struktúra mentése tábla fonalbaba. strapi_releases
CREATE TABLE IF NOT EXISTS `strapi_releases` (
  `id` int(10) unsigned NOT NULL AUTO_INCREMENT,
  `document_id` varchar(255) DEFAULT NULL,
  `name` varchar(255) DEFAULT NULL,
  `released_at` datetime(6) DEFAULT NULL,
  `scheduled_at` datetime(6) DEFAULT NULL,
  `timezone` varchar(255) DEFAULT NULL,
  `status` varchar(255) DEFAULT NULL,
  `created_at` datetime(6) DEFAULT NULL,
  `updated_at` datetime(6) DEFAULT NULL,
  `published_at` datetime(6) DEFAULT NULL,
  `created_by_id` int(10) unsigned DEFAULT NULL,
  `updated_by_id` int(10) unsigned DEFAULT NULL,
  `locale` varchar(255) DEFAULT NULL,
  PRIMARY KEY (`id`),
  KEY `strapi_releases_documents_idx` (`document_id`,`locale`,`published_at`),
  KEY `strapi_releases_created_by_id_fk` (`created_by_id`),
  KEY `strapi_releases_updated_by_id_fk` (`updated_by_id`),
  CONSTRAINT `strapi_releases_created_by_id_fk` FOREIGN KEY (`created_by_id`) REFERENCES `admin_users` (`id`) ON DELETE SET NULL,
  CONSTRAINT `strapi_releases_updated_by_id_fk` FOREIGN KEY (`updated_by_id`) REFERENCES `admin_users` (`id`) ON DELETE SET NULL
) ENGINE=InnoDB DEFAULT CHARSET=utf8mb4 COLLATE=utf8mb4_general_ci;

-- Tábla adatainak mentése fonalbaba.strapi_releases: ~0 rows (hozzávetőleg)

-- Struktúra mentése tábla fonalbaba. strapi_release_actions
CREATE TABLE IF NOT EXISTS `strapi_release_actions` (
  `id` int(10) unsigned NOT NULL AUTO_INCREMENT,
  `document_id` varchar(255) DEFAULT NULL,
  `type` varchar(255) DEFAULT NULL,
  `content_type` varchar(255) DEFAULT NULL,
  `entry_document_id` varchar(255) DEFAULT NULL,
  `locale` varchar(255) DEFAULT NULL,
  `is_entry_valid` tinyint(1) DEFAULT NULL,
  `created_at` datetime(6) DEFAULT NULL,
  `updated_at` datetime(6) DEFAULT NULL,
  `published_at` datetime(6) DEFAULT NULL,
  `created_by_id` int(10) unsigned DEFAULT NULL,
  `updated_by_id` int(10) unsigned DEFAULT NULL,
  PRIMARY KEY (`id`),
  KEY `strapi_release_actions_documents_idx` (`document_id`,`locale`,`published_at`),
  KEY `strapi_release_actions_created_by_id_fk` (`created_by_id`),
  KEY `strapi_release_actions_updated_by_id_fk` (`updated_by_id`),
  CONSTRAINT `strapi_release_actions_created_by_id_fk` FOREIGN KEY (`created_by_id`) REFERENCES `admin_users` (`id`) ON DELETE SET NULL,
  CONSTRAINT `strapi_release_actions_updated_by_id_fk` FOREIGN KEY (`updated_by_id`) REFERENCES `admin_users` (`id`) ON DELETE SET NULL
) ENGINE=InnoDB DEFAULT CHARSET=utf8mb4 COLLATE=utf8mb4_general_ci;

-- Tábla adatainak mentése fonalbaba.strapi_release_actions: ~0 rows (hozzávetőleg)

-- Struktúra mentése tábla fonalbaba. strapi_release_actions_release_lnk
CREATE TABLE IF NOT EXISTS `strapi_release_actions_release_lnk` (
  `id` int(10) unsigned NOT NULL AUTO_INCREMENT,
  `release_action_id` int(10) unsigned DEFAULT NULL,
  `release_id` int(10) unsigned DEFAULT NULL,
  `release_action_ord` double unsigned DEFAULT NULL,
  PRIMARY KEY (`id`),
  UNIQUE KEY `strapi_release_actions_release_lnk_uq` (`release_action_id`,`release_id`),
  KEY `strapi_release_actions_release_lnk_fk` (`release_action_id`),
  KEY `strapi_release_actions_release_lnk_ifk` (`release_id`),
  KEY `strapi_release_actions_release_lnk_oifk` (`release_action_ord`),
  CONSTRAINT `strapi_release_actions_release_lnk_fk` FOREIGN KEY (`release_action_id`) REFERENCES `strapi_release_actions` (`id`) ON DELETE CASCADE,
  CONSTRAINT `strapi_release_actions_release_lnk_ifk` FOREIGN KEY (`release_id`) REFERENCES `strapi_releases` (`id`) ON DELETE CASCADE
) ENGINE=InnoDB DEFAULT CHARSET=utf8mb4 COLLATE=utf8mb4_general_ci;

-- Tábla adatainak mentése fonalbaba.strapi_release_actions_release_lnk: ~0 rows (hozzávetőleg)

-- Struktúra mentése tábla fonalbaba. strapi_transfer_tokens
CREATE TABLE IF NOT EXISTS `strapi_transfer_tokens` (
  `id` int(10) unsigned NOT NULL AUTO_INCREMENT,
  `document_id` varchar(255) DEFAULT NULL,
  `name` varchar(255) DEFAULT NULL,
  `description` varchar(255) DEFAULT NULL,
  `access_key` varchar(255) DEFAULT NULL,
  `last_used_at` datetime(6) DEFAULT NULL,
  `expires_at` datetime(6) DEFAULT NULL,
  `lifespan` bigint(20) DEFAULT NULL,
  `created_at` datetime(6) DEFAULT NULL,
  `updated_at` datetime(6) DEFAULT NULL,
  `published_at` datetime(6) DEFAULT NULL,
  `created_by_id` int(10) unsigned DEFAULT NULL,
  `updated_by_id` int(10) unsigned DEFAULT NULL,
  `locale` varchar(255) DEFAULT NULL,
  PRIMARY KEY (`id`),
  KEY `strapi_transfer_tokens_documents_idx` (`document_id`,`locale`,`published_at`),
  KEY `strapi_transfer_tokens_created_by_id_fk` (`created_by_id`),
  KEY `strapi_transfer_tokens_updated_by_id_fk` (`updated_by_id`),
  CONSTRAINT `strapi_transfer_tokens_created_by_id_fk` FOREIGN KEY (`created_by_id`) REFERENCES `admin_users` (`id`) ON DELETE SET NULL,
  CONSTRAINT `strapi_transfer_tokens_updated_by_id_fk` FOREIGN KEY (`updated_by_id`) REFERENCES `admin_users` (`id`) ON DELETE SET NULL
) ENGINE=InnoDB DEFAULT CHARSET=utf8mb4 COLLATE=utf8mb4_general_ci;

-- Tábla adatainak mentése fonalbaba.strapi_transfer_tokens: ~0 rows (hozzávetőleg)

-- Struktúra mentése tábla fonalbaba. strapi_transfer_token_permissions
CREATE TABLE IF NOT EXISTS `strapi_transfer_token_permissions` (
  `id` int(10) unsigned NOT NULL AUTO_INCREMENT,
  `document_id` varchar(255) DEFAULT NULL,
  `action` varchar(255) DEFAULT NULL,
  `created_at` datetime(6) DEFAULT NULL,
  `updated_at` datetime(6) DEFAULT NULL,
  `published_at` datetime(6) DEFAULT NULL,
  `created_by_id` int(10) unsigned DEFAULT NULL,
  `updated_by_id` int(10) unsigned DEFAULT NULL,
  `locale` varchar(255) DEFAULT NULL,
  PRIMARY KEY (`id`),
  KEY `strapi_transfer_token_permissions_documents_idx` (`document_id`,`locale`,`published_at`),
  KEY `strapi_transfer_token_permissions_created_by_id_fk` (`created_by_id`),
  KEY `strapi_transfer_token_permissions_updated_by_id_fk` (`updated_by_id`),
  CONSTRAINT `strapi_transfer_token_permissions_created_by_id_fk` FOREIGN KEY (`created_by_id`) REFERENCES `admin_users` (`id`) ON DELETE SET NULL,
  CONSTRAINT `strapi_transfer_token_permissions_updated_by_id_fk` FOREIGN KEY (`updated_by_id`) REFERENCES `admin_users` (`id`) ON DELETE SET NULL
) ENGINE=InnoDB DEFAULT CHARSET=utf8mb4 COLLATE=utf8mb4_general_ci;

-- Tábla adatainak mentése fonalbaba.strapi_transfer_token_permissions: ~0 rows (hozzávetőleg)

-- Struktúra mentése tábla fonalbaba. strapi_transfer_token_permissions_token_lnk
CREATE TABLE IF NOT EXISTS `strapi_transfer_token_permissions_token_lnk` (
  `id` int(10) unsigned NOT NULL AUTO_INCREMENT,
  `transfer_token_permission_id` int(10) unsigned DEFAULT NULL,
  `transfer_token_id` int(10) unsigned DEFAULT NULL,
  `transfer_token_permission_ord` double unsigned DEFAULT NULL,
  PRIMARY KEY (`id`),
  UNIQUE KEY `strapi_transfer_token_permissions_token_lnk_uq` (`transfer_token_permission_id`,`transfer_token_id`),
  KEY `strapi_transfer_token_permissions_token_lnk_fk` (`transfer_token_permission_id`),
  KEY `strapi_transfer_token_permissions_token_lnk_ifk` (`transfer_token_id`),
  KEY `strapi_transfer_token_permissions_token_lnk_oifk` (`transfer_token_permission_ord`),
  CONSTRAINT `strapi_transfer_token_permissions_token_lnk_fk` FOREIGN KEY (`transfer_token_permission_id`) REFERENCES `strapi_transfer_token_permissions` (`id`) ON DELETE CASCADE,
  CONSTRAINT `strapi_transfer_token_permissions_token_lnk_ifk` FOREIGN KEY (`transfer_token_id`) REFERENCES `strapi_transfer_tokens` (`id`) ON DELETE CASCADE
) ENGINE=InnoDB DEFAULT CHARSET=utf8mb4 COLLATE=utf8mb4_general_ci;

-- Tábla adatainak mentése fonalbaba.strapi_transfer_token_permissions_token_lnk: ~0 rows (hozzávetőleg)

-- Struktúra mentése tábla fonalbaba. strapi_webhooks
CREATE TABLE IF NOT EXISTS `strapi_webhooks` (
  `id` int(10) unsigned NOT NULL AUTO_INCREMENT,
  `name` varchar(255) DEFAULT NULL,
  `url` longtext DEFAULT NULL,
  `headers` longtext CHARACTER SET utf8mb4 COLLATE utf8mb4_bin DEFAULT NULL CHECK (json_valid(`headers`)),
  `events` longtext CHARACTER SET utf8mb4 COLLATE utf8mb4_bin DEFAULT NULL CHECK (json_valid(`events`)),
  `enabled` tinyint(1) DEFAULT NULL,
  PRIMARY KEY (`id`)
) ENGINE=InnoDB DEFAULT CHARSET=utf8mb4 COLLATE=utf8mb4_general_ci;

-- Tábla adatainak mentése fonalbaba.strapi_webhooks: ~0 rows (hozzávetőleg)

-- Struktúra mentése tábla fonalbaba. strapi_workflows
CREATE TABLE IF NOT EXISTS `strapi_workflows` (
  `id` int(10) unsigned NOT NULL AUTO_INCREMENT,
  `document_id` varchar(255) DEFAULT NULL,
  `name` varchar(255) DEFAULT NULL,
  `content_types` longtext CHARACTER SET utf8mb4 COLLATE utf8mb4_bin DEFAULT NULL CHECK (json_valid(`content_types`)),
  `created_at` datetime(6) DEFAULT NULL,
  `updated_at` datetime(6) DEFAULT NULL,
  `published_at` datetime(6) DEFAULT NULL,
  `created_by_id` int(10) unsigned DEFAULT NULL,
  `updated_by_id` int(10) unsigned DEFAULT NULL,
  `locale` varchar(255) DEFAULT NULL,
  PRIMARY KEY (`id`),
  KEY `strapi_workflows_documents_idx` (`document_id`,`locale`,`published_at`),
  KEY `strapi_workflows_created_by_id_fk` (`created_by_id`),
  KEY `strapi_workflows_updated_by_id_fk` (`updated_by_id`),
  CONSTRAINT `strapi_workflows_created_by_id_fk` FOREIGN KEY (`created_by_id`) REFERENCES `admin_users` (`id`) ON DELETE SET NULL,
  CONSTRAINT `strapi_workflows_updated_by_id_fk` FOREIGN KEY (`updated_by_id`) REFERENCES `admin_users` (`id`) ON DELETE SET NULL
) ENGINE=InnoDB DEFAULT CHARSET=utf8mb4 COLLATE=utf8mb4_general_ci;

-- Tábla adatainak mentése fonalbaba.strapi_workflows: ~0 rows (hozzávetőleg)

-- Struktúra mentése tábla fonalbaba. strapi_workflows_stages
CREATE TABLE IF NOT EXISTS `strapi_workflows_stages` (
  `id` int(10) unsigned NOT NULL AUTO_INCREMENT,
  `document_id` varchar(255) DEFAULT NULL,
  `name` varchar(255) DEFAULT NULL,
  `color` varchar(255) DEFAULT NULL,
  `created_at` datetime(6) DEFAULT NULL,
  `updated_at` datetime(6) DEFAULT NULL,
  `published_at` datetime(6) DEFAULT NULL,
  `created_by_id` int(10) unsigned DEFAULT NULL,
  `updated_by_id` int(10) unsigned DEFAULT NULL,
  `locale` varchar(255) DEFAULT NULL,
  PRIMARY KEY (`id`),
  KEY `strapi_workflows_stages_documents_idx` (`document_id`,`locale`,`published_at`),
  KEY `strapi_workflows_stages_created_by_id_fk` (`created_by_id`),
  KEY `strapi_workflows_stages_updated_by_id_fk` (`updated_by_id`),
  CONSTRAINT `strapi_workflows_stages_created_by_id_fk` FOREIGN KEY (`created_by_id`) REFERENCES `admin_users` (`id`) ON DELETE SET NULL,
  CONSTRAINT `strapi_workflows_stages_updated_by_id_fk` FOREIGN KEY (`updated_by_id`) REFERENCES `admin_users` (`id`) ON DELETE SET NULL
) ENGINE=InnoDB DEFAULT CHARSET=utf8mb4 COLLATE=utf8mb4_general_ci;

-- Tábla adatainak mentése fonalbaba.strapi_workflows_stages: ~0 rows (hozzávetőleg)

-- Struktúra mentése tábla fonalbaba. strapi_workflows_stages_permissions_lnk
CREATE TABLE IF NOT EXISTS `strapi_workflows_stages_permissions_lnk` (
  `id` int(10) unsigned NOT NULL AUTO_INCREMENT,
  `workflow_stage_id` int(10) unsigned DEFAULT NULL,
  `permission_id` int(10) unsigned DEFAULT NULL,
  `permission_ord` double unsigned DEFAULT NULL,
  PRIMARY KEY (`id`),
  UNIQUE KEY `strapi_workflows_stages_permissions_lnk_uq` (`workflow_stage_id`,`permission_id`),
  KEY `strapi_workflows_stages_permissions_lnk_fk` (`workflow_stage_id`),
  KEY `strapi_workflows_stages_permissions_lnk_ifk` (`permission_id`),
  KEY `strapi_workflows_stages_permissions_lnk_ofk` (`permission_ord`),
  CONSTRAINT `strapi_workflows_stages_permissions_lnk_fk` FOREIGN KEY (`workflow_stage_id`) REFERENCES `strapi_workflows_stages` (`id`) ON DELETE CASCADE,
  CONSTRAINT `strapi_workflows_stages_permissions_lnk_ifk` FOREIGN KEY (`permission_id`) REFERENCES `admin_permissions` (`id`) ON DELETE CASCADE
) ENGINE=InnoDB DEFAULT CHARSET=utf8mb4 COLLATE=utf8mb4_general_ci;

-- Tábla adatainak mentése fonalbaba.strapi_workflows_stages_permissions_lnk: ~0 rows (hozzávetőleg)

-- Struktúra mentése tábla fonalbaba. strapi_workflows_stages_workflow_lnk
CREATE TABLE IF NOT EXISTS `strapi_workflows_stages_workflow_lnk` (
  `id` int(10) unsigned NOT NULL AUTO_INCREMENT,
  `workflow_stage_id` int(10) unsigned DEFAULT NULL,
  `workflow_id` int(10) unsigned DEFAULT NULL,
  `workflow_stage_ord` double unsigned DEFAULT NULL,
  PRIMARY KEY (`id`),
  UNIQUE KEY `strapi_workflows_stages_workflow_lnk_uq` (`workflow_stage_id`,`workflow_id`),
  KEY `strapi_workflows_stages_workflow_lnk_fk` (`workflow_stage_id`),
  KEY `strapi_workflows_stages_workflow_lnk_ifk` (`workflow_id`),
  KEY `strapi_workflows_stages_workflow_lnk_oifk` (`workflow_stage_ord`),
  CONSTRAINT `strapi_workflows_stages_workflow_lnk_fk` FOREIGN KEY (`workflow_stage_id`) REFERENCES `strapi_workflows_stages` (`id`) ON DELETE CASCADE,
  CONSTRAINT `strapi_workflows_stages_workflow_lnk_ifk` FOREIGN KEY (`workflow_id`) REFERENCES `strapi_workflows` (`id`) ON DELETE CASCADE
) ENGINE=InnoDB DEFAULT CHARSET=utf8mb4 COLLATE=utf8mb4_general_ci;

-- Tábla adatainak mentése fonalbaba.strapi_workflows_stages_workflow_lnk: ~0 rows (hozzávetőleg)

-- Struktúra mentése tábla fonalbaba. strapi_workflows_stage_required_to_publish_lnk
CREATE TABLE IF NOT EXISTS `strapi_workflows_stage_required_to_publish_lnk` (
  `id` int(10) unsigned NOT NULL AUTO_INCREMENT,
  `workflow_id` int(10) unsigned DEFAULT NULL,
  `workflow_stage_id` int(10) unsigned DEFAULT NULL,
  PRIMARY KEY (`id`),
  UNIQUE KEY `strapi_workflows_stage_required_to_publish_lnk_uq` (`workflow_id`,`workflow_stage_id`),
  KEY `strapi_workflows_stage_required_to_publish_lnk_fk` (`workflow_id`),
  KEY `strapi_workflows_stage_required_to_publish_lnk_ifk` (`workflow_stage_id`),
  CONSTRAINT `strapi_workflows_stage_required_to_publish_lnk_fk` FOREIGN KEY (`workflow_id`) REFERENCES `strapi_workflows` (`id`) ON DELETE CASCADE,
  CONSTRAINT `strapi_workflows_stage_required_to_publish_lnk_ifk` FOREIGN KEY (`workflow_stage_id`) REFERENCES `strapi_workflows_stages` (`id`) ON DELETE CASCADE
) ENGINE=InnoDB DEFAULT CHARSET=utf8mb4 COLLATE=utf8mb4_general_ci;

-- Tábla adatainak mentése fonalbaba.strapi_workflows_stage_required_to_publish_lnk: ~0 rows (hozzávetőleg)

-- Struktúra mentése tábla fonalbaba. upload_folders
CREATE TABLE IF NOT EXISTS `upload_folders` (
  `id` int(10) unsigned NOT NULL AUTO_INCREMENT,
  `document_id` varchar(255) DEFAULT NULL,
  `name` varchar(255) DEFAULT NULL,
  `path_id` int(11) DEFAULT NULL,
  `path` varchar(255) DEFAULT NULL,
  `created_at` datetime(6) DEFAULT NULL,
  `updated_at` datetime(6) DEFAULT NULL,
  `published_at` datetime(6) DEFAULT NULL,
  `created_by_id` int(10) unsigned DEFAULT NULL,
  `updated_by_id` int(10) unsigned DEFAULT NULL,
  `locale` varchar(255) DEFAULT NULL,
  PRIMARY KEY (`id`),
  UNIQUE KEY `upload_folders_path_id_index` (`path_id`),
  UNIQUE KEY `upload_folders_path_index` (`path`),
  KEY `upload_folders_documents_idx` (`document_id`,`locale`,`published_at`),
  KEY `upload_folders_created_by_id_fk` (`created_by_id`),
  KEY `upload_folders_updated_by_id_fk` (`updated_by_id`),
  CONSTRAINT `upload_folders_created_by_id_fk` FOREIGN KEY (`created_by_id`) REFERENCES `admin_users` (`id`) ON DELETE SET NULL,
  CONSTRAINT `upload_folders_updated_by_id_fk` FOREIGN KEY (`updated_by_id`) REFERENCES `admin_users` (`id`) ON DELETE SET NULL
) ENGINE=InnoDB AUTO_INCREMENT=2 DEFAULT CHARSET=utf8mb4 COLLATE=utf8mb4_general_ci;

-- Tábla adatainak mentése fonalbaba.upload_folders: ~0 rows (hozzávetőleg)
INSERT IGNORE INTO `upload_folders` (`id`, `document_id`, `name`, `path_id`, `path`, `created_at`, `updated_at`, `published_at`, `created_by_id`, `updated_by_id`, `locale`) VALUES
	(1, 'olahscw41l63d5n5qzzp4pbb', 'Berta', 1, '/1', '2024-11-07 22:47:39.795000', '2024-11-07 22:47:39.795000', '2024-11-07 22:47:39.795000', 1, 1, NULL);

-- Struktúra mentése tábla fonalbaba. upload_folders_parent_lnk
CREATE TABLE IF NOT EXISTS `upload_folders_parent_lnk` (
  `id` int(10) unsigned NOT NULL AUTO_INCREMENT,
  `folder_id` int(10) unsigned DEFAULT NULL,
  `inv_folder_id` int(10) unsigned DEFAULT NULL,
  `folder_ord` double unsigned DEFAULT NULL,
  PRIMARY KEY (`id`),
  UNIQUE KEY `upload_folders_parent_lnk_uq` (`folder_id`,`inv_folder_id`),
  KEY `upload_folders_parent_lnk_fk` (`folder_id`),
  KEY `upload_folders_parent_lnk_ifk` (`inv_folder_id`),
  KEY `upload_folders_parent_lnk_oifk` (`folder_ord`),
  CONSTRAINT `upload_folders_parent_lnk_fk` FOREIGN KEY (`folder_id`) REFERENCES `upload_folders` (`id`) ON DELETE CASCADE,
  CONSTRAINT `upload_folders_parent_lnk_ifk` FOREIGN KEY (`inv_folder_id`) REFERENCES `upload_folders` (`id`) ON DELETE CASCADE
) ENGINE=InnoDB DEFAULT CHARSET=utf8mb4 COLLATE=utf8mb4_general_ci;

-- Tábla adatainak mentése fonalbaba.upload_folders_parent_lnk: ~0 rows (hozzávetőleg)

-- Struktúra mentése tábla fonalbaba. up_permissions
CREATE TABLE IF NOT EXISTS `up_permissions` (
  `id` int(10) unsigned NOT NULL AUTO_INCREMENT,
  `document_id` varchar(255) DEFAULT NULL,
  `action` varchar(255) DEFAULT NULL,
  `created_at` datetime(6) DEFAULT NULL,
  `updated_at` datetime(6) DEFAULT NULL,
  `published_at` datetime(6) DEFAULT NULL,
  `created_by_id` int(10) unsigned DEFAULT NULL,
  `updated_by_id` int(10) unsigned DEFAULT NULL,
  `locale` varchar(255) DEFAULT NULL,
  PRIMARY KEY (`id`),
  KEY `up_permissions_documents_idx` (`document_id`,`locale`,`published_at`),
  KEY `up_permissions_created_by_id_fk` (`created_by_id`),
  KEY `up_permissions_updated_by_id_fk` (`updated_by_id`),
  CONSTRAINT `up_permissions_created_by_id_fk` FOREIGN KEY (`created_by_id`) REFERENCES `admin_users` (`id`) ON DELETE SET NULL,
  CONSTRAINT `up_permissions_updated_by_id_fk` FOREIGN KEY (`updated_by_id`) REFERENCES `admin_users` (`id`) ON DELETE SET NULL
) ENGINE=InnoDB AUTO_INCREMENT=19 DEFAULT CHARSET=utf8mb4 COLLATE=utf8mb4_general_ci;

-- Tábla adatainak mentése fonalbaba.up_permissions: ~9 rows (hozzávetőleg)
INSERT IGNORE INTO `up_permissions` (`id`, `document_id`, `action`, `created_at`, `updated_at`, `published_at`, `created_by_id`, `updated_by_id`, `locale`) VALUES
	(1, 'nwkcg9nyvlfgizdf30drg807', 'plugin::users-permissions.user.me', '2024-11-06 21:19:25.726000', '2024-11-06 21:19:25.726000', '2024-11-06 21:19:25.726000', NULL, NULL, NULL),
	(2, 'k39h172ske80gzde6fdlzquk', 'plugin::users-permissions.auth.changePassword', '2024-11-06 21:19:25.726000', '2024-11-06 21:19:25.726000', '2024-11-06 21:19:25.727000', NULL, NULL, NULL),
	(3, 'zd31u4hw8n6wn31ehtg6a5e2', 'plugin::users-permissions.auth.callback', '2024-11-06 21:19:25.739000', '2024-11-06 21:19:25.739000', '2024-11-06 21:19:25.739000', NULL, NULL, NULL),
	(4, 'fjnixcyyjhgdasfa31m9nj1z', 'plugin::users-permissions.auth.connect', '2024-11-06 21:19:25.739000', '2024-11-06 21:19:25.739000', '2024-11-06 21:19:25.739000', NULL, NULL, NULL),
	(5, 'jvey8ebg1kbbthvnwbe14nhw', 'plugin::users-permissions.auth.forgotPassword', '2024-11-06 21:19:25.739000', '2024-11-06 21:19:25.739000', '2024-11-06 21:19:25.739000', NULL, NULL, NULL),
	(6, 'f89w3mqp9dd84pgf2jie6x8u', 'plugin::users-permissions.auth.resetPassword', '2024-11-06 21:19:25.739000', '2024-11-06 21:19:25.739000', '2024-11-06 21:19:25.739000', NULL, NULL, NULL),
	(7, 'uu8t9gwk2bbc8pouu3g6dnrb', 'plugin::users-permissions.auth.register', '2024-11-06 21:19:25.739000', '2024-11-06 21:19:25.739000', '2024-11-06 21:19:25.739000', NULL, NULL, NULL),
	(8, 'e4o726omymwhf9920xloej1n', 'plugin::users-permissions.auth.emailConfirmation', '2024-11-06 21:19:25.739000', '2024-11-06 21:19:25.739000', '2024-11-06 21:19:25.740000', NULL, NULL, NULL),
	(9, 'vb3nrf3kxqbze4ejhxc1xtqa', 'plugin::users-permissions.auth.sendEmailConfirmation', '2024-11-06 21:19:25.739000', '2024-11-06 21:19:25.739000', '2024-11-06 21:19:25.740000', NULL, NULL, NULL),
	(10, 'vzd78tvvtym1gkgugn9885xv', 'api::navitem.navitem.find', '2024-11-06 21:38:42.851000', '2024-11-06 21:38:42.851000', '2024-11-06 21:38:42.851000', NULL, NULL, NULL),
	(11, 'hhh7tqncqu0swbx9p1pwhatq', 'api::navitem.navitem.findOne', '2024-11-06 21:38:42.851000', '2024-11-06 21:38:42.851000', '2024-11-06 21:38:42.851000', NULL, NULL, NULL),
	(12, 'anhs01pv95v90elbcgb8lhbd', 'api::hero.hero.find', '2024-11-06 22:53:14.144000', '2024-11-06 22:53:14.144000', '2024-11-06 22:53:14.144000', NULL, NULL, NULL),
	(13, 'ecbqcco4m9n8gbhbcu88p1ns', 'api::hero.hero.findOne', '2024-11-06 22:53:14.144000', '2024-11-06 22:53:14.144000', '2024-11-06 22:53:14.145000', NULL, NULL, NULL),
	(14, 'x6t6u4o53un92igez4pjqqzt', 'api::welcome.welcome.find', '2024-11-06 23:33:53.300000', '2024-11-06 23:33:53.300000', '2024-11-06 23:33:53.300000', NULL, NULL, NULL),
	(16, 'bnu0sutuc0m1yv8w6qul6tqa', 'api::amigurumi.amigurumi.find', '2024-11-07 17:35:59.611000', '2024-11-07 17:35:59.611000', '2024-11-07 17:35:59.612000', NULL, NULL, NULL),
	(17, 'rewunr3bzmzz7rdahjj7bsib', 'api::mintak.mintak.find', '2024-11-07 17:59:05.325000', '2024-11-07 17:59:05.325000', '2024-11-07 17:59:05.326000', NULL, NULL, NULL),
	(18, 'sq5qt4x5lz3z6ao23mlz4d8y', 'api::mintak.mintak.findOne', '2024-11-07 17:59:05.325000', '2024-11-07 17:59:05.325000', '2024-11-07 17:59:05.326000', NULL, NULL, NULL);

-- Struktúra mentése tábla fonalbaba. up_permissions_role_lnk
CREATE TABLE IF NOT EXISTS `up_permissions_role_lnk` (
  `id` int(10) unsigned NOT NULL AUTO_INCREMENT,
  `permission_id` int(10) unsigned DEFAULT NULL,
  `role_id` int(10) unsigned DEFAULT NULL,
  `permission_ord` double unsigned DEFAULT NULL,
  PRIMARY KEY (`id`),
  UNIQUE KEY `up_permissions_role_lnk_uq` (`permission_id`,`role_id`),
  KEY `up_permissions_role_lnk_fk` (`permission_id`),
  KEY `up_permissions_role_lnk_ifk` (`role_id`),
  KEY `up_permissions_role_lnk_oifk` (`permission_ord`),
  CONSTRAINT `up_permissions_role_lnk_fk` FOREIGN KEY (`permission_id`) REFERENCES `up_permissions` (`id`) ON DELETE CASCADE,
  CONSTRAINT `up_permissions_role_lnk_ifk` FOREIGN KEY (`role_id`) REFERENCES `up_roles` (`id`) ON DELETE CASCADE
) ENGINE=InnoDB AUTO_INCREMENT=19 DEFAULT CHARSET=utf8mb4 COLLATE=utf8mb4_general_ci;

-- Tábla adatainak mentése fonalbaba.up_permissions_role_lnk: ~9 rows (hozzávetőleg)
INSERT IGNORE INTO `up_permissions_role_lnk` (`id`, `permission_id`, `role_id`, `permission_ord`) VALUES
	(1, 1, 1, 1),
	(2, 2, 1, 1),
	(3, 3, 2, 1),
	(4, 4, 2, 1),
	(5, 5, 2, 2),
	(6, 8, 2, 2),
	(7, 6, 2, 2),
	(8, 7, 2, 2),
	(9, 9, 2, 2),
	(10, 11, 2, 3),
	(11, 10, 2, 3),
	(12, 12, 2, 4),
	(13, 13, 2, 4),
	(14, 14, 2, 5),
	(16, 16, 2, 6),
	(17, 18, 2, 7),
	(18, 17, 2, 7);

-- Struktúra mentése tábla fonalbaba. up_roles
CREATE TABLE IF NOT EXISTS `up_roles` (
  `id` int(10) unsigned NOT NULL AUTO_INCREMENT,
  `document_id` varchar(255) DEFAULT NULL,
  `name` varchar(255) DEFAULT NULL,
  `description` varchar(255) DEFAULT NULL,
  `type` varchar(255) DEFAULT NULL,
  `created_at` datetime(6) DEFAULT NULL,
  `updated_at` datetime(6) DEFAULT NULL,
  `published_at` datetime(6) DEFAULT NULL,
  `created_by_id` int(10) unsigned DEFAULT NULL,
  `updated_by_id` int(10) unsigned DEFAULT NULL,
  `locale` varchar(255) DEFAULT NULL,
  PRIMARY KEY (`id`),
  KEY `up_roles_documents_idx` (`document_id`,`locale`,`published_at`),
  KEY `up_roles_created_by_id_fk` (`created_by_id`),
  KEY `up_roles_updated_by_id_fk` (`updated_by_id`),
  CONSTRAINT `up_roles_created_by_id_fk` FOREIGN KEY (`created_by_id`) REFERENCES `admin_users` (`id`) ON DELETE SET NULL,
  CONSTRAINT `up_roles_updated_by_id_fk` FOREIGN KEY (`updated_by_id`) REFERENCES `admin_users` (`id`) ON DELETE SET NULL
) ENGINE=InnoDB AUTO_INCREMENT=3 DEFAULT CHARSET=utf8mb4 COLLATE=utf8mb4_general_ci;

-- Tábla adatainak mentése fonalbaba.up_roles: ~2 rows (hozzávetőleg)
INSERT IGNORE INTO `up_roles` (`id`, `document_id`, `name`, `description`, `type`, `created_at`, `updated_at`, `published_at`, `created_by_id`, `updated_by_id`, `locale`) VALUES
	(1, 'yasf49zomfh4y6acwc9ixq4p', 'Authenticated', 'Default role given to authenticated user.', 'authenticated', '2024-11-06 21:19:25.714000', '2024-11-06 21:19:25.714000', '2024-11-06 21:19:25.714000', NULL, NULL, NULL),
	(2, 'ojtgr4f3mpizpgt16zfm125v', 'Public', 'Default role given to unauthenticated user.', 'public', '2024-11-06 21:19:25.718000', '2024-11-07 17:59:05.321000', '2024-11-06 21:19:25.718000', NULL, NULL, NULL);

-- Struktúra mentése tábla fonalbaba. up_users
CREATE TABLE IF NOT EXISTS `up_users` (
  `id` int(10) unsigned NOT NULL AUTO_INCREMENT,
  `document_id` varchar(255) DEFAULT NULL,
  `username` varchar(255) DEFAULT NULL,
  `email` varchar(255) DEFAULT NULL,
  `provider` varchar(255) DEFAULT NULL,
  `password` varchar(255) DEFAULT NULL,
  `reset_password_token` varchar(255) DEFAULT NULL,
  `confirmation_token` varchar(255) DEFAULT NULL,
  `confirmed` tinyint(1) DEFAULT NULL,
  `blocked` tinyint(1) DEFAULT NULL,
  `created_at` datetime(6) DEFAULT NULL,
  `updated_at` datetime(6) DEFAULT NULL,
  `published_at` datetime(6) DEFAULT NULL,
  `created_by_id` int(10) unsigned DEFAULT NULL,
  `updated_by_id` int(10) unsigned DEFAULT NULL,
  `locale` varchar(255) DEFAULT NULL,
  PRIMARY KEY (`id`),
  KEY `up_users_documents_idx` (`document_id`,`locale`,`published_at`),
  KEY `up_users_created_by_id_fk` (`created_by_id`),
  KEY `up_users_updated_by_id_fk` (`updated_by_id`),
  CONSTRAINT `up_users_created_by_id_fk` FOREIGN KEY (`created_by_id`) REFERENCES `admin_users` (`id`) ON DELETE SET NULL,
  CONSTRAINT `up_users_updated_by_id_fk` FOREIGN KEY (`updated_by_id`) REFERENCES `admin_users` (`id`) ON DELETE SET NULL
) ENGINE=InnoDB DEFAULT CHARSET=utf8mb4 COLLATE=utf8mb4_general_ci;

-- Tábla adatainak mentése fonalbaba.up_users: ~0 rows (hozzávetőleg)

-- Struktúra mentése tábla fonalbaba. up_users_role_lnk
CREATE TABLE IF NOT EXISTS `up_users_role_lnk` (
  `id` int(10) unsigned NOT NULL AUTO_INCREMENT,
  `user_id` int(10) unsigned DEFAULT NULL,
  `role_id` int(10) unsigned DEFAULT NULL,
  `user_ord` double unsigned DEFAULT NULL,
  PRIMARY KEY (`id`),
  UNIQUE KEY `up_users_role_lnk_uq` (`user_id`,`role_id`),
  KEY `up_users_role_lnk_fk` (`user_id`),
  KEY `up_users_role_lnk_ifk` (`role_id`),
  KEY `up_users_role_lnk_oifk` (`user_ord`),
  CONSTRAINT `up_users_role_lnk_fk` FOREIGN KEY (`user_id`) REFERENCES `up_users` (`id`) ON DELETE CASCADE,
  CONSTRAINT `up_users_role_lnk_ifk` FOREIGN KEY (`role_id`) REFERENCES `up_roles` (`id`) ON DELETE CASCADE
) ENGINE=InnoDB DEFAULT CHARSET=utf8mb4 COLLATE=utf8mb4_general_ci;

-- Tábla adatainak mentése fonalbaba.up_users_role_lnk: ~0 rows (hozzávetőleg)

-- Struktúra mentése tábla fonalbaba. welcomes
CREATE TABLE IF NOT EXISTS `welcomes` (
  `id` int(10) unsigned NOT NULL AUTO_INCREMENT,
  `document_id` varchar(255) DEFAULT NULL,
  `header` varchar(255) DEFAULT NULL,
  `paragraph_1` varchar(255) DEFAULT NULL,
  `paragraph_2` varchar(255) DEFAULT NULL,
  `question_1` varchar(255) DEFAULT NULL,
  `paragraph_3` varchar(255) DEFAULT NULL,
  `question_2` varchar(255) DEFAULT NULL,
  `paragraph_4` varchar(255) DEFAULT NULL,
  `paragraph_5` varchar(255) DEFAULT NULL,
  `paragraph_6` varchar(255) DEFAULT NULL,
  `created_at` datetime(6) DEFAULT NULL,
  `updated_at` datetime(6) DEFAULT NULL,
  `published_at` datetime(6) DEFAULT NULL,
  `created_by_id` int(10) unsigned DEFAULT NULL,
  `updated_by_id` int(10) unsigned DEFAULT NULL,
  `locale` varchar(255) DEFAULT NULL,
  `greeting_prefix` varchar(255) DEFAULT NULL,
  `highlighted_text` varchar(255) DEFAULT NULL,
  `greeting_suffix` varchar(255) DEFAULT NULL,
  PRIMARY KEY (`id`),
  KEY `welcomes_documents_idx` (`document_id`,`locale`,`published_at`),
  KEY `welcomes_created_by_id_fk` (`created_by_id`),
  KEY `welcomes_updated_by_id_fk` (`updated_by_id`),
  CONSTRAINT `welcomes_created_by_id_fk` FOREIGN KEY (`created_by_id`) REFERENCES `admin_users` (`id`) ON DELETE SET NULL,
  CONSTRAINT `welcomes_updated_by_id_fk` FOREIGN KEY (`updated_by_id`) REFERENCES `admin_users` (`id`) ON DELETE SET NULL
) ENGINE=InnoDB AUTO_INCREMENT=6 DEFAULT CHARSET=utf8mb4 COLLATE=utf8mb4_general_ci;

-- Tábla adatainak mentése fonalbaba.welcomes: ~1 rows (hozzávetőleg)
INSERT IGNORE INTO `welcomes` (`id`, `document_id`, `header`, `paragraph_1`, `paragraph_2`, `question_1`, `paragraph_3`, `question_2`, `paragraph_4`, `paragraph_5`, `paragraph_6`, `created_at`, `updated_at`, `published_at`, `created_by_id`, `updated_by_id`, `locale`, `greeting_prefix`, `highlighted_text`, `greeting_suffix`) VALUES
	(1, 'f0xht10e5k6lyn7idngahaup', 'Kedves látogató!', ' Engedd, hogy elvarázsoljalak a kézzel készített, egyedi amigurumi             figurák színes világába!', 'Mindig is szerettem alkotni, és a horgolás nyújtotta számomra azt               a lehetőséget, hogy ötleteimet valósággá alakítsam. Az amigurumi               különösen a szívemhez nőtt, hiszen ezek a kis, puha figurák               olyanok, mint miniatűr', '              Miért éppen amigurumi?', 'Mert minden egyes darab egyedi, kézzel készített műalkotás, tele               szeretettel és odafigyeléssel.', '              Mit találsz itt?', 'Minden figurámhoz lépésről                 lépésre elkészített leírást találsz, így könnyedén elkészítheted                 saját amigurumi barátaidat.', 'Inspirálódj a sokféle figura                 közül, és engedd szabadjára a kreativitásodat!', 'Ha még csak most                 ismerkedsz a horgolással, ne aggódj! Szívesen segítek mindenben,                 ami az amigurumi készítéshez kell.', '2024-11-06 23:33:27.566000', '2024-11-07 17:22:04.236000', NULL, 1, 1, NULL, 'Üdvözöllek a', 'Fonalbaba', 'világában!'),
	(5, 'f0xht10e5k6lyn7idngahaup', 'Kedves látogató!', ' Engedd, hogy elvarázsoljalak a kézzel készített, egyedi amigurumi             figurák színes világába!', 'Mindig is szerettem alkotni, és a horgolás nyújtotta számomra azt               a lehetőséget, hogy ötleteimet valósággá alakítsam. Az amigurumi               különösen a szívemhez nőtt, hiszen ezek a kis, puha figurák               olyanok, mint miniatűr', '              Miért éppen amigurumi?', 'Mert minden egyes darab egyedi, kézzel készített műalkotás, tele               szeretettel és odafigyeléssel.', '              Mit találsz itt?', 'Minden figurámhoz lépésről                 lépésre elkészített leírást találsz, így könnyedén elkészítheted                 saját amigurumi barátaidat.', 'Inspirálódj a sokféle figura                 közül, és engedd szabadjára a kreativitásodat!', 'Ha még csak most                 ismerkedsz a horgolással, ne aggódj! Szívesen segítek mindenben,                 ami az amigurumi készítéshez kell.', '2024-11-06 23:33:27.566000', '2024-11-07 17:22:04.236000', '2024-11-07 17:22:04.249000', 1, 1, NULL, 'Üdvözöllek a', 'Fonalbaba', 'világában!');

/*!40103 SET TIME_ZONE=IFNULL(@OLD_TIME_ZONE, 'system') */;
/*!40101 SET SQL_MODE=IFNULL(@OLD_SQL_MODE, '') */;
/*!40014 SET FOREIGN_KEY_CHECKS=IFNULL(@OLD_FOREIGN_KEY_CHECKS, 1) */;
/*!40101 SET CHARACTER_SET_CLIENT=@OLD_CHARACTER_SET_CLIENT */;
/*!40111 SET SQL_NOTES=IFNULL(@OLD_SQL_NOTES, 1) */;
